"drug","task","model","repeat","fold","n_test","accuracy","balanced_accuracy","auc","sensitivity","specificity"
"erlotinib","classification","rf",1,1,40,0.825,0.683333333333333,0.713333333333333,0.4,0.966666666666667
"erlotinib","classification","ridge",1,1,40,0.75,0.5,0.693333333333333,0,1
"erlotinib","classification","lasso",1,1,40,0.65,0.533333333333333,0.496666666666667,0.3,0.766666666666667
"erlotinib","classification","enet",1,1,40,0.7,0.566666666666667,0.553333333333333,0.3,0.833333333333333
"erlotinib","classification","svm_linear",1,1,40,0.725,0.583333333333333,0.606666666666667,0.3,0.866666666666667
"erlotinib","classification","rf",1,2,42,0.80952380952381,0.665689149560117,0.86217008797654,0.363636363636364,0.967741935483871
"erlotinib","classification","ridge",1,2,42,0.738095238095238,0.5,0.891495601173021,0,1
"erlotinib","classification","lasso",1,2,42,0.785714285714286,0.678885630498534,0.67741935483871,0.454545454545455,0.903225806451613
"erlotinib","classification","enet",1,2,42,0.785714285714286,0.678885630498534,0.680351906158358,0.454545454545455,0.903225806451613
"erlotinib","classification","svm_linear",1,2,42,0.595238095238095,0.579178885630498,0.601173020527859,0.545454545454545,0.612903225806452
"erlotinib","classification","rf",1,3,41,0.75609756097561,0.533870967741936,0.47741935483871,0.1,0.967741935483871
"erlotinib","classification","ridge",1,3,41,0.75609756097561,0.5,0.432258064516129,0,1
"erlotinib","classification","lasso",1,3,41,0.731707317073171,0.483870967741935,0.432258064516129,0,0.967741935483871
"erlotinib","classification","enet",1,3,41,0.731707317073171,0.483870967741935,0.419354838709677,0,0.967741935483871
"erlotinib","classification","svm_linear",1,3,41,0.707317073170732,0.535483870967742,0.438709677419355,0.2,0.870967741935484
"erlotinib","classification","rf",1,4,42,0.738095238095238,0.598143236074271,0.6657824933687,0.230769230769231,0.96551724137931
"erlotinib","classification","ridge",1,4,42,0.69047619047619,0.5,0.596816976127321,0,1
"erlotinib","classification","lasso",1,4,42,0.69047619047619,0.5,0.580901856763926,0,1
"erlotinib","classification","enet",1,4,42,0.69047619047619,0.5,0.620689655172414,0,1
"erlotinib","classification","svm_linear",1,4,42,0.69047619047619,0.542440318302387,0.671087533156499,0.153846153846154,0.931034482758621
"erlotinib","classification","rf",1,5,41,0.829268292682927,0.65,0.946774193548387,0.3,1
"erlotinib","classification","ridge",1,5,41,0.75609756097561,0.5,0.974193548387097,0,1
"erlotinib","classification","lasso",1,5,41,0.780487804878049,0.55,0.974193548387097,0.1,1
"erlotinib","classification","enet",1,5,41,0.75609756097561,0.5,0.974193548387097,0,1
"erlotinib","classification","svm_linear",1,5,41,0.853658536585366,0.7,0.890322580645161,0.4,1
"erlotinib","classification","rf",2,1,41,0.804878048780488,0.555555555555556,0.680555555555556,0.111111111111111,1
"erlotinib","classification","ridge",2,1,41,0.780487804878049,0.5,0.618055555555556,0,1
"erlotinib","classification","lasso",2,1,41,0.804878048780488,0.555555555555556,0.489583333333333,0.111111111111111,1
"erlotinib","classification","enet",2,1,41,0.804878048780488,0.555555555555556,0.541666666666667,0.111111111111111,1
"erlotinib","classification","svm_linear",2,1,41,0.804878048780488,0.555555555555556,0.527777777777778,0.111111111111111,1
"erlotinib","classification","rf",2,2,42,0.833333333333333,0.681818181818182,0.675953079178886,0.363636363636364,1
"erlotinib","classification","ridge",2,2,42,0.738095238095238,0.5,0.545454545454545,0,1
"erlotinib","classification","lasso",2,2,42,0.738095238095238,0.5,0.557184750733138,0,1
"erlotinib","classification","enet",2,2,42,0.738095238095238,0.5,0.56891495601173,0,1
"erlotinib","classification","svm_linear",2,2,42,0.833333333333333,0.681818181818182,0.601173020527859,0.363636363636364,1
"erlotinib","classification","rf",2,3,41,0.75609756097561,0.567741935483871,0.825806451612903,0.2,0.935483870967742
"erlotinib","classification","ridge",2,3,41,0.75609756097561,0.5,0.851612903225806,0,1
"erlotinib","classification","lasso",2,3,41,0.75609756097561,0.5,0.809677419354839,0,1
"erlotinib","classification","enet",2,3,41,0.75609756097561,0.5,0.803225806451613,0,1
"erlotinib","classification","svm_linear",2,3,41,0.804878048780488,0.6,0.732258064516129,0.2,1
"erlotinib","classification","rf",2,4,41,0.829268292682927,0.710606060606061,0.810606060606061,0.454545454545455,0.966666666666667
"erlotinib","classification","ridge",2,4,41,0.731707317073171,0.5,0.781818181818182,0,1
"erlotinib","classification","lasso",2,4,41,0.731707317073171,0.5,0.66969696969697,0,1
"erlotinib","classification","enet",2,4,41,0.731707317073171,0.5,0.663636363636364,0,1
"erlotinib","classification","svm_linear",2,4,41,0.731707317073171,0.615151515151515,0.687878787878788,0.363636363636364,0.866666666666667
"erlotinib","classification","rf",2,5,41,0.731707317073171,0.551612903225806,0.57741935483871,0.2,0.903225806451613
"erlotinib","classification","ridge",2,5,41,0.75609756097561,0.5,0.674193548387097,0,1
"erlotinib","classification","lasso",2,5,41,0.707317073170732,0.569354838709677,0.609677419354839,0.3,0.838709677419355
"erlotinib","classification","enet",2,5,41,0.707317073170732,0.569354838709677,0.616129032258065,0.3,0.838709677419355
"erlotinib","classification","svm_linear",2,5,41,0.731707317073171,0.585483870967742,0.648387096774194,0.3,0.870967741935484
"erlotinib","classification","rf",3,1,42,0.80952380952381,0.665689149560117,0.733137829912023,0.363636363636364,0.967741935483871
"erlotinib","classification","ridge",3,1,42,0.785714285714286,0.590909090909091,0.750733137829912,0.181818181818182,1
"erlotinib","classification","lasso",3,1,42,0.738095238095238,0.5,0.733137829912023,0,1
"erlotinib","classification","enet",3,1,42,0.738095238095238,0.5,0.724340175953079,0,1
"erlotinib","classification","svm_linear",3,1,42,0.785714285714286,0.590909090909091,0.741935483870968,0.181818181818182,1
"erlotinib","classification","rf",3,2,41,0.75609756097561,0.567741935483871,0.545161290322581,0.2,0.935483870967742
"erlotinib","classification","ridge",3,2,41,0.75609756097561,0.5,0.496774193548387,0,1
"erlotinib","classification","lasso",3,2,41,0.780487804878049,0.583870967741935,0.445161290322581,0.2,0.967741935483871
"erlotinib","classification","enet",3,2,41,0.731707317073171,0.483870967741935,0.480645161290323,0,0.967741935483871
"erlotinib","classification","svm_linear",3,2,41,0.75609756097561,0.567741935483871,0.545161290322581,0.2,0.935483870967742
"erlotinib","classification","rf",3,3,40,0.8,0.6,0.641666666666667,0.2,1
"erlotinib","classification","ridge",3,3,40,0.75,0.5,0.696666666666667,0,1
"erlotinib","classification","lasso",3,3,40,0.8,0.6,0.636666666666667,0.2,1
"erlotinib","classification","enet",3,3,40,0.775,0.616666666666667,0.68,0.3,0.933333333333333
"erlotinib","classification","svm_linear",3,3,40,0.75,0.6,0.703333333333333,0.3,0.9
"erlotinib","classification","rf",3,4,41,0.780487804878049,0.583870967741935,0.559677419354839,0.2,0.967741935483871
"erlotinib","classification","ridge",3,4,41,0.75609756097561,0.5,0.670967741935484,0,1
"erlotinib","classification","lasso",3,4,41,0.75609756097561,0.567741935483871,0.47741935483871,0.2,0.935483870967742
"erlotinib","classification","enet",3,4,41,0.780487804878049,0.583870967741935,0.451612903225806,0.2,0.967741935483871
"erlotinib","classification","svm_linear",3,4,41,0.75609756097561,0.567741935483871,0.564516129032258,0.2,0.935483870967742
"erlotinib","classification","rf",3,5,42,0.80952380952381,0.636363636363636,0.870967741935484,0.272727272727273,1
"erlotinib","classification","ridge",3,5,42,0.785714285714286,0.590909090909091,0.870967741935484,0.181818181818182,1
"erlotinib","classification","lasso",3,5,42,0.738095238095238,0.5,0.766862170087977,0,1
"erlotinib","classification","enet",3,5,42,0.738095238095238,0.5,0.844574780058651,0,1
"erlotinib","classification","svm_linear",3,5,42,0.833333333333333,0.681818181818182,0.794721407624633,0.363636363636364,1
