"model","metric","mean_fold_wise","mean_global","difference","n_folds"
"ridge","r2",0.0865425176104333,0.0888547130369463,0.00231219542651304,15
"ridge","rmse",0.210025203008152,0.209750827085242,-0.000274375922909964,15
"ridge","mae",0.151644565492403,0.151769859046987,0.000125293554584682,15
"lasso","r2",0.0931053119588962,0.100037183862066,0.00693187190317,15
"lasso","rmse",0.20936828783351,0.208439256805039,-0.000929031028470362,15
"lasso","mae",0.152271664717696,0.151416440545767,-0.000855224171929098,15
"enet","r2",0.0876725587519198,0.0928001334589418,0.00512757470702196,15
"enet","rmse",0.209931445683841,0.209267116480386,-0.000664329203455077,15
"enet","mae",0.15260452270149,0.152537102296818,-6.74204046720583e-05,15
