"drug","task","model","repeat","fold","n_test","r2","rmse","mae"
"erlotinib","regression","rf",1,1,40,0.0763631673444647,0.122625623140851,0.0510772700133333
"erlotinib","regression","ridge",1,1,40,0.107290488732037,0.120555127482796,0.0496084482096655
"erlotinib","regression","lasso",1,1,40,0.0716399390801895,0.12293876041639,0.0509643253990914
"erlotinib","regression","enet",1,1,40,0.105111790420131,0.120702147980712,0.0493519713535006
"erlotinib","regression","svm_linear",1,1,40,0.103070392939034,0.120839740976808,0.0479013910092349
"erlotinib","regression","rf",1,2,43,-0.183354026980283,0.0450333391338545,0.034314267927907
"erlotinib","regression","ridge",1,2,43,-0.162674711684581,0.0446381222269365,0.034529266161635
"erlotinib","regression","lasso",1,2,43,-0.4304749337734,0.0495127364897518,0.0387295478865719
"erlotinib","regression","enet",1,2,43,-0.326747597047872,0.0476838110717634,0.0371663800610762
"erlotinib","regression","svm_linear",1,2,43,0.0173451405278207,0.0410371608761145,0.0273358259886654
"erlotinib","regression","rf",1,3,40,0.0236365433389123,0.0482140917821268,0.0354633544433914
"erlotinib","regression","ridge",1,3,40,0.11070543367973,0.0460141126653044,0.0327435026811164
"erlotinib","regression","lasso",1,3,40,0.107654426190041,0.0460929780948206,0.0330143864869549
"erlotinib","regression","enet",1,3,40,0.116998023099564,0.0458510272517658,0.0328424320106906
"erlotinib","regression","svm_linear",1,3,40,0.191087369267069,0.0438852968656936,0.0286498901891444
"erlotinib","regression","rf",1,4,42,0.163639950370612,0.0834026239348728,0.0438091165989796
"erlotinib","regression","ridge",1,4,42,0.16648362006237,0.0832607164784089,0.0430985005185469
"erlotinib","regression","lasso",1,4,42,0.113819259453065,0.0858507765730214,0.0459419631169775
"erlotinib","regression","enet",1,4,42,0.15378687436103,0.0838924645489137,0.0437854015895399
"erlotinib","regression","svm_linear",1,4,42,0.154935295401931,0.0838355187402722,0.0433580934847359
"erlotinib","regression","rf",1,5,41,0.205063549758983,0.0646472446342799,0.0409937542425828
"erlotinib","regression","ridge",1,5,41,0.188944057959503,0.0652994042302729,0.041773755682235
"erlotinib","regression","lasso",1,5,41,0.149361643304001,0.066873845064101,0.0435871389702274
"erlotinib","regression","enet",1,5,41,0.133702319592748,0.0674865752492853,0.0441793843433259
"erlotinib","regression","svm_linear",1,5,41,0.19495879450852,0.0650568256524352,0.0381214663796478
"erlotinib","regression","rf",2,1,41,0.134328780134306,0.0560414898699788,0.0416777647901084
"erlotinib","regression","ridge",2,1,41,0.064945459091973,0.0582440619007154,0.0412966589283055
"erlotinib","regression","lasso",2,1,41,0.160440510454193,0.0551898127220096,0.0400424151778474
"erlotinib","regression","enet",2,1,41,0.159938403604196,0.0552063136617075,0.0396070281831108
"erlotinib","regression","svm_linear",2,1,41,0.170461040867369,0.0548594660959788,0.0361670708560347
"erlotinib","regression","rf",2,2,42,0.0668845729016093,0.104639178328268,0.0467217037222223
"erlotinib","regression","ridge",2,2,42,0.0744718054275276,0.104212895465222,0.0480684297284793
"erlotinib","regression","lasso",2,2,42,0.045000124317251,0.105859123419128,0.0476889349152782
"erlotinib","regression","enet",2,2,42,0.0766693558781766,0.104089101722864,0.0478350627216105
"erlotinib","regression","svm_linear",2,2,42,0.0737118298692809,0.104255672661203,0.0460724944364787
"erlotinib","regression","rf",2,3,41,0.113147970039778,0.0551078010622371,0.0411685907813009
"erlotinib","regression","ridge",2,3,41,0.25342973085865,0.0505618371098561,0.039364147915577
"erlotinib","regression","lasso",2,3,41,0.245697965483996,0.0508229815220317,0.0375744425173771
"erlotinib","regression","enet",2,3,41,0.267180733985629,0.0500940262471827,0.0374141728508936
"erlotinib","regression","svm_linear",2,3,41,0.192386628746369,0.0525883143255825,0.0359024754713964
"erlotinib","regression","rf",2,4,41,0.111148417611589,0.0969085003403523,0.0425815961831558
"erlotinib","regression","ridge",2,4,41,0.163522529363013,0.094010069148168,0.0409277232380216
"erlotinib","regression","lasso",2,4,41,0.221790764648147,0.0906766439894426,0.0404471624485101
"erlotinib","regression","enet",2,4,41,0.199969998208376,0.0919391289432385,0.041196711916733
"erlotinib","regression","svm_linear",2,4,41,0.123806458753442,0.0962159941837758,0.0384833509929143
"erlotinib","regression","rf",2,5,41,0.242992639162977,0.0579303433858964,0.0305124919111499
"erlotinib","regression","ridge",2,5,41,0.314319651177614,0.0551336700824253,0.0285374911415836
"erlotinib","regression","lasso",2,5,41,0.315063409607289,0.0551037601850218,0.0311570565451567
"erlotinib","regression","enet",2,5,41,0.322990780721142,0.0547839500896237,0.0292286702197273
"erlotinib","regression","svm_linear",2,5,41,0.243682031515142,0.0579039593410998,0.0307471746229418
"erlotinib","regression","rf",3,1,42,-0.0728679581200835,0.0917421088022705,0.0467601667698414
"erlotinib","regression","ridge",3,1,42,-0.00792095193543685,0.0889219172012757,0.0462515272868324
"erlotinib","regression","lasso",3,1,42,-0.0210764618910622,0.0895003458654686,0.0450833293131076
"erlotinib","regression","enet",3,1,42,-0.0351644514743044,0.0901156575403475,0.0488692723676988
"erlotinib","regression","svm_linear",3,1,42,-0.0564081836630694,0.0910356420736463,0.0475325057057177
"erlotinib","regression","rf",3,2,41,-0.164294448653135,0.0721687354057449,0.0479334144390244
"erlotinib","regression","ridge",3,2,41,-0.112192829895566,0.0705354964563296,0.0435373376710804
"erlotinib","regression","lasso",3,2,41,-0.164219960946941,0.0721664268103772,0.0450928658885463
"erlotinib","regression","enet",3,2,41,-0.0960240512249289,0.0700209057386547,0.0435164711394017
"erlotinib","regression","svm_linear",3,2,41,-0.0800700630402957,0.069509417053375,0.0373584068798384
"erlotinib","regression","rf",3,3,42,0.218692643774291,0.0444972064386178,0.0323783119705062
"erlotinib","regression","ridge",3,3,42,0.157118583315829,0.0462173488262419,0.0341801625705995
"erlotinib","regression","lasso",3,3,42,0.161243787548548,0.0461041123451045,0.0346374344884369
"erlotinib","regression","enet",3,3,42,0.178107248589048,0.0456382901426226,0.0337267100345041
"erlotinib","regression","svm_linear",3,3,42,0.328251004999524,0.0412596274831878,0.0290413360853747
"erlotinib","regression","rf",3,4,40,0.172913224514541,0.105297074836897,0.0440014865991667
"erlotinib","regression","ridge",3,4,40,0.178163227193222,0.104962351813562,0.0436991164196252
"erlotinib","regression","lasso",3,4,40,0.191142959621192,0.104130188170248,0.0422284020536989
"erlotinib","regression","enet",3,4,40,0.184655227584473,0.104546961140373,0.0421812592030972
"erlotinib","regression","svm_linear",3,4,40,0.148475931314575,0.106841316850574,0.0439008064839157
"erlotinib","regression","rf",3,5,41,0.196820299086986,0.0685865851497204,0.0415453904610337
"erlotinib","regression","ridge",3,5,41,0.309548783029476,0.0635915364422459,0.0364197829167674
"erlotinib","regression","lasso",3,5,41,0.259220309624713,0.0658684360576686,0.0405663337500094
"erlotinib","regression","enet",3,5,41,0.280414603620672,0.0649193240031725,0.0388527479395935
"erlotinib","regression","svm_linear",3,5,41,0.2499788125457,0.0662780289553889,0.0342195297295486
