"gene","times_selected","n_splits"
"AGR2 (ENSG00000106541)",15,15
"AIF1 (ENSG00000204472)",15,15
"ALDH1A3 (ENSG00000184254)",15,15
"ANXA1 (ENSG00000135046)",15,15
"APP (ENSG00000142192)",15,15
"ARHGDIB (ENSG00000111348)",15,15
"ASS1 (ENSG00000130707)",15,15
"BASP1 (ENSG00000176788)",15,15
"BEX1 (ENSG00000133169)",15,15
"BEX3 (ENSG00000166681)",15,15
"BST2 (ENSG00000130303)",15,15
"BTK (ENSG00000010671)",15,15
"C19orf33 (ENSG00000167644)",15,15
"CALD1 (ENSG00000122786)",15,15
"CAV1 (ENSG00000105974)",15,15
"CAVIN1 (ENSG00000177469)",15,15
"CCND1 (ENSG00000110092)",15,15
"CD24P4 (ENSG00000185275)",15,15
"CD37 (ENSG00000104894)",15,15
"CD44 (ENSG00000026508)",15,15
"CD48 (ENSG00000117091)",15,15
"CD52 (ENSG00000169442)",15,15
"CD53 (ENSG00000143119)",15,15
"CD70 (ENSG00000125726)",15,15
"CD74 (ENSG00000019582)",15,15
"CD79A (ENSG00000105369)",15,15
"CD79B (ENSG00000007312)",15,15
"CD9 (ENSG00000010278)",15,15
"CDKN2A (ENSG00000147889)",15,15
"CHGA (ENSG00000100604)",15,15
"CLDN4 (ENSG00000189143)",15,15
"CLU (ENSG00000120885)",15,15
"CNN3 (ENSG00000117519)",15,15
"CORO1A (ENSG00000102879)",15,15
"CPE (ENSG00000109472)",15,15
"CRIP1 (ENSG00000213145)",15,15
"CRIP2 (ENSG00000182809)",15,15
"CRMP1 (ENSG00000072832)",15,15
"CTSL (ENSG00000135047)",15,15
"CXCR4 (ENSG00000121966)",15,15
"CYR61 (ENSG00000142871)",15,15
"DOCK2 (ENSG00000134516)",15,15
"EEF1A2 (ENSG00000101210)",15,15
"EIF1AY (ENSG00000198692)",15,15
"ELF3 (ENSG00000163435)",15,15
"EPCAM (ENSG00000119888)",15,15
"FKBP10 (ENSG00000141756)",15,15
"FN1 (ENSG00000115414)",15,15
"FSTL1 (ENSG00000163430)",15,15
"FXYD3 (ENSG00000089356)",15,15
"FXYD6 (ENSG00000137726)",15,15
"GDF15 (ENSG00000130513)",15,15
"GMFG (ENSG00000130755)",15,15
"GTSF1 (ENSG00000170627)",15,15
"GYPC (ENSG00000136732)",15,15
"H19 (ENSG00000130600)",15,15
"H1F0 (ENSG00000189060)",15,15
"HCLS1 (ENSG00000180353)",15,15
"HLA-B (ENSG00000234745)",15,15
"HLA-DPA1 (ENSG00000231389)",15,15
"HLA-DPB1 (ENSG00000223865)",15,15
"HLA-DRA (ENSG00000204287)",15,15
"HLA-DRB1 (ENSG00000196126)",15,15
"IFI16 (ENSG00000163565)",15,15
"IFI27 (ENSG00000165949)",15,15
"IFITM1 (ENSG00000185885)",15,15
"IFITM2 (ENSG00000185201)",15,15
"IFITM3 (ENSG00000142089)",15,15
"IGFBP2 (ENSG00000115457)",15,15
"IGFBP3 (ENSG00000146674)",15,15
"IGFBP7 (ENSG00000163453)",15,15
"IGHM (ENSG00000211899)",15,15
"IGKC (ENSG00000211592)",15,15
"IL2RG (ENSG00000147168)",15,15
"IL32 (ENSG00000008517)",15,15
"INPP5D (ENSG00000168918)",15,15
"JCHAIN (ENSG00000132465)",15,15
"KIF1A (ENSG00000130294)",15,15
"KRT18 (ENSG00000111057)",15,15
"KRT19 (ENSG00000171345)",15,15
"KRT7 (ENSG00000135480)",15,15
"KRT8 (ENSG00000170421)",15,15
"LAIR1 (ENSG00000167613)",15,15
"LAMB2 (ENSG00000172037)",15,15
"LAPTM4B (ENSG00000104341)",15,15
"LAPTM5 (ENSG00000162511)",15,15
"LAT2 (ENSG00000086730)",15,15
"LCP1 (ENSG00000136167)",15,15
"LGALS1 (ENSG00000100097)",15,15
"LGALS3 (ENSG00000131981)",15,15
"LGALS3BP (ENSG00000108679)",15,15
"LRMP (ENSG00000118308)",15,15
"LSP1 (ENSG00000130592)",15,15
"MAGEA3 (ENSG00000221867)",15,15
"MAGEA6 (ENSG00000197172)",15,15
"MAL2 (ENSG00000147676)",15,15
"MDK (ENSG00000110492)",15,15
"MFNG (ENSG00000100060)",15,15
"MGST1 (ENSG00000008394)",15,15
"MT1E (ENSG00000169715)",15,15
"MYO1G (ENSG00000136286)",15,15
"MYOF (ENSG00000138119)",15,15
"MZB1 (ENSG00000170476)",15,15
"NCAM1 (ENSG00000149294)",15,15
"NCKAP1L (ENSG00000123338)",15,15
"PEG10 (ENSG00000242265)",15,15
"PLAC8 (ENSG00000145287)",15,15
"PLS3 (ENSG00000102024)",15,15
"PRAME (ENSG00000185686)",15,15
"PRSS23 (ENSG00000150687)",15,15
"PTPN7 (ENSG00000143851)",15,15
"PTPRC (ENSG00000081237)",15,15
"RAC2 (ENSG00000128340)",15,15
"RBP1 (ENSG00000114115)",15,15
"RCSD1 (ENSG00000198771)",15,15
"RP11-345J4.6 (ENSG00000260335)",15,15
"RPS4Y1 (ENSG00000129824)",15,15
"S100A10 (ENSG00000197747)",15,15
"S100A11 (ENSG00000163191)",15,15
"S100A16 (ENSG00000188643)",15,15
"S100A4 (ENSG00000196154)",15,15
"S100A6 (ENSG00000197956)",15,15
"SASH3 (ENSG00000122122)",15,15
"SFN (ENSG00000175793)",15,15
"SLC38A5 (ENSG00000017483)",15,15
"SLPI (ENSG00000124107)",15,15
"SPARC (ENSG00000113140)",15,15
"SPINT2 (ENSG00000167642)",15,15
"SPN (ENSG00000197471)",15,15
"SRGN (ENSG00000122862)",15,15
"ST14 (ENSG00000149418)",15,15
"TGFBI (ENSG00000120708)",15,15
"TM4SF1 (ENSG00000169908)",15,15
"TMSB15A (ENSG00000158164)",15,15
"TUBB2B (ENSG00000137285)",15,15
"TUBB3 (ENSG00000258947)",15,15
"TUSC3 (ENSG00000104723)",15,15
"UCHL1 (ENSG00000154277)",15,15
"VAMP8 (ENSG00000118640)",15,15
"VIM (ENSG00000026025)",15,15
"ALDH1A1 (ENSG00000165092)",14,15
"ALDH7A1 (ENSG00000164904)",14,15
"CDH1 (ENSG00000039068)",14,15
"CYBA (ENSG00000051523)",14,15
"HLA-DQA1 (ENSG00000196735)",14,15
"IGFBP5 (ENSG00000115461)",14,15
"LEF1 (ENSG00000138795)",14,15
"PFN2 (ENSG00000070087)",14,15
"RP4-765C7.2 (ENSG00000213058)",14,15
"TSTD1 (ENSG00000215845)",14,15
"XIST (ENSG00000229807)",14,15
"CTSZ (ENSG00000101160)",13,15
"DMKN (ENSG00000161249)",13,15
"FXYD5 (ENSG00000089327)",13,15
"IGLC3 (ENSG00000211679)",13,15
"LGALS9 (ENSG00000168961)",13,15
"MEG3 (ENSG00000214548)",13,15
"POU2AF1 (ENSG00000110777)",13,15
"PTPRCAP (ENSG00000213402)",13,15
"RAB34 (ENSG00000109113)",13,15
"ALOX5AP (ENSG00000132965)",12,15
"ATP2A3 (ENSG00000074370)",12,15
"CLDN7 (ENSG00000181885)",12,15
"CRABP2 (ENSG00000143320)",12,15
"ITGB2 (ENSG00000160255)",12,15
"LYZ (ENSG00000090382)",12,15
"NCF4 (ENSG00000100365)",12,15
"PLPP2 (ENSG00000141934)",12,15
"RAB25 (ENSG00000132698)",12,15
"SNURF (ENSG00000273173)",12,15
"SPI1 (ENSG00000066336)",12,15
"TRBC2 (ENSG00000211772)",12,15
"ID1 (ENSG00000125968)",11,15
"IGLL5 (ENSG00000254709)",11,15
"ITGA3 (ENSG00000005884)",11,15
"PLEK (ENSG00000115956)",11,15
"TCL1A (ENSG00000100721)",11,15
"CAPG (ENSG00000042493)",10,15
"DPYSL3 (ENSG00000113657)",10,15
"DSP (ENSG00000096696)",10,15
"GPX2 (ENSG00000176153)",10,15
"HLA-DRB5 (ENSG00000198502)",10,15
"IKZF1 (ENSG00000185811)",10,15
"LAMB1 (ENSG00000091136)",10,15
"MT1G (ENSG00000125144)",10,15
"SCG2 (ENSG00000171951)",10,15
"SERPINE1 (ENSG00000106366)",10,15
"TFF3 (ENSG00000160180)",10,15
"CLEC11A (ENSG00000105472)",9,15
"FBLN1 (ENSG00000077942)",9,15
"FERMT3 (ENSG00000149781)",9,15
"IGLL1 (ENSG00000128322)",9,15
"MEST (ENSG00000106484)",9,15
"SDC2 (ENSG00000169439)",9,15
"TIMP1 (ENSG00000102265)",9,15
"WAS (ENSG00000015285)",9,15
"ANXA3 (ENSG00000138772)",8,15
"AP1M2 (ENSG00000129354)",8,15
"DKK1 (ENSG00000107984)",8,15
"LCP2 (ENSG00000043462)",8,15
"MLPH (ENSG00000115648)",8,15
"SMIM22 (ENSG00000267795)",8,15
"THY1 (ENSG00000154096)",8,15
"EMP1 (ENSG00000134531)",7,15
"GJA1 (ENSG00000152661)",7,15
"IRF4 (ENSG00000137265)",7,15
"MMP14 (ENSG00000157227)",7,15
"S100A9 (ENSG00000163220)",7,15
"DDX3Y (ENSG00000067048)",6,15
"ITGAL (ENSG00000005844)",6,15
"KRT17 (ENSG00000128422)",6,15
"PLK2 (ENSG00000145632)",6,15
"S100A14 (ENSG00000189334)",6,15
"S100P (ENSG00000163993)",6,15
"SLC43A3 (ENSG00000134802)",6,15
"TCEAL9 (ENSG00000185222)",6,15
"CD22 (ENSG00000012124)",5,15
"CTSG (ENSG00000100448)",5,15
"DKK3 (ENSG00000050165)",5,15
"FSCN1 (ENSG00000075618)",5,15
"GLUL (ENSG00000135821)",5,15
"GPRC5A (ENSG00000013588)",5,15
"LTBR (ENSG00000111321)",5,15
"MYL9 (ENSG00000101335)",5,15
"CHGB (ENSG00000089199)",4,15
"CTGF (ENSG00000118523)",4,15
"FAT1 (ENSG00000083857)",4,15
"NUPR1 (ENSG00000176046)",4,15
"S100A2 (ENSG00000196754)",4,15
"SDC1 (ENSG00000115884)",4,15
"VPREB3 (ENSG00000128218)",4,15
"AC096579.7 (ENSG00000231486)",3,15
"HBG2 (ENSG00000196565)",3,15
"L1CAM (ENSG00000198910)",3,15
"SCNN1A (ENSG00000111319)",3,15
"XAGE1D (ENSG00000204376)",3,15
"ADGRG1 (ENSG00000205336)",2,15
"CKB (ENSG00000166165)",2,15
"EFEMP1 (ENSG00000115380)",2,15
"HLA-DQB1 (ENSG00000179344)",2,15
"IER3 (ENSG00000137331)",2,15
"ARHGAP30 (ENSG00000186517)",1,15
"BEX4 (ENSG00000102409)",1,15
"CDH2 (ENSG00000170558)",1,15
"COL6A2 (ENSG00000142173)",1,15
"DTX1 (ENSG00000135144)",1,15
"GAL (ENSG00000069482)",1,15
"IFI30 (ENSG00000216490)",1,15
"IGHG1 (ENSG00000211896)",1,15
"MIAT (ENSG00000225783)",1,15
"NMU (ENSG00000109255)",1,15
"PSMB9 (ENSG00000240065)",1,15
"PTPN6 (ENSG00000111679)",1,15
"RGS4 (ENSG00000117152)",1,15
"TFPI2 (ENSG00000105825)",1,15
"XAGE1E (ENSG00000204375)",1,15
"YAP1 (ENSG00000137693)",1,15
