"drug","task","model","metric","n_folds","mean","sd","ci_low","ci_high","ci_method"
"rapamycin","classification","rf","accuracy",15,0.724178663713547,0.0386446766562084,0.702777955101596,0.745579372325498,"t"
"rapamycin","classification","rf","balanced_accuracy",15,0.506488880742913,0.0381003502346872,0.485389610055787,0.527588151430039,"t"
"rapamycin","classification","rf","auc",15,0.639908289888129,0.0675758093300184,0.602486054024857,0.6773305257514,"t"
"rapamycin","classification","rf","sensitivity",15,0.0625252525252525,0.0752198811596169,0.0208698707803537,0.104180634270151,"t"
"rapamycin","classification","rf","specificity",15,0.950452508960573,0.0500563748395511,0.922732212536778,0.978172805384369,"t"
"rapamycin","classification","ridge","accuracy",15,0.745237645067481,0.0138218196402103,0.737583376479893,0.752891913655068,"t"
"rapamycin","classification","ridge","balanced_accuracy",15,0.5,0,0.5,0.5,"t"
"rapamycin","classification","ridge","auc",15,0.591128557076138,0.0751824257347974,0.549493917454135,0.63276319669814,"t"
"rapamycin","classification","ridge","sensitivity",15,0,0,0,0,"t"
"rapamycin","classification","ridge","specificity",15,1,0,1,1,"t"
"rapamycin","classification","lasso","accuracy",15,0.705051814637748,0.0508042450630306,0.676917361488703,0.733186267786792,"t"
"rapamycin","classification","lasso","balanced_accuracy",15,0.496295617464972,0.0396533033067829,0.474336350031603,0.518254884898342,"t"
"rapamycin","classification","lasso","auc",15,0.562342579015966,0.115625129806367,0.498311516388158,0.626373641643774,"t"
"rapamycin","classification","lasso","sensitivity",15,0.0696969696969697,0.084422244159543,0.0229454891839323,0.116448450210007,"t"
"rapamycin","classification","lasso","specificity",15,0.922894265232975,0.0828835293917355,0.876994896556083,0.968793633909867,"t"
"rapamycin","classification","enet","accuracy",15,0.703654485049834,0.0358756410067561,0.683787217268485,0.723521752831183,"t"
"rapamycin","classification","enet","balanced_accuracy",15,0.504155669599218,0.0350605361220262,0.484739791857472,0.523571547340964,"t"
"rapamycin","classification","enet","auc",15,0.59595830618008,0.103368397543533,0.538714795639332,0.653201816720828,"t"
"rapamycin","classification","enet","sensitivity",15,0.0957575757575758,0.0885983379416856,0.046693451592144,0.144821699923008,"t"
"rapamycin","classification","enet","specificity",15,0.91255376344086,0.0661251011579304,0.875934902985489,0.949172623896232,"t"
"rapamycin","classification","svm_linear","accuracy",15,0.694438592226454,0.0582236766963411,0.66219539478998,0.726681789662928,"t"
"rapamycin","classification","svm_linear","balanced_accuracy",15,0.519122474747475,0.0646675564950433,0.483310775622416,0.554934173872533,"t"
"rapamycin","classification","svm_linear","auc",15,0.60471706310416,0.108115092488655,0.544844920519365,0.664589205688955,"t"
"rapamycin","classification","svm_linear","sensitivity",15,0.159494949494949,0.177861407097437,0.0609985852876344,0.257991313702265,"t"
"rapamycin","classification","svm_linear","specificity",15,0.87875,0.107138691806067,0.819418570090393,0.938081429909607,"t"
