"model","repeat","fold","seconds"
"rf",1,1,2.02
"ridge",1,1,0.7
"lasso",1,1,0.7
"enet",1,1,6.17
"svm_linear",1,1,0.44
"rf",1,2,2.06
"ridge",1,2,0.71
"lasso",1,2,0.67
"enet",1,2,6.03
"svm_linear",1,2,0.42
"rf",1,3,2.05
"ridge",1,3,0.7
"lasso",1,3,0.67
"enet",1,3,5.88
"svm_linear",1,3,0.39
"rf",1,4,2.16
"ridge",1,4,0.71
"lasso",1,4,0.68
"enet",1,4,5.89
"svm_linear",1,4,0.39
"rf",1,5,2.03
"ridge",1,5,0.71
"lasso",1,5,0.69
"enet",1,5,5.98
"svm_linear",1,5,0.41
"rf",2,1,1.82
"ridge",2,1,0.7
"lasso",2,1,0.66
"enet",2,1,5.86
"svm_linear",2,1,0.39
"rf",2,2,2.02
"ridge",2,2,0.71
"lasso",2,2,0.68
"enet",2,2,5.85
"svm_linear",2,2,0.41
"rf",2,3,2.11
"ridge",2,3,0.83
"lasso",2,3,0.67
"enet",2,3,5.92
"svm_linear",2,3,0.42
"rf",2,4,1.83
"ridge",2,4,0.68
"lasso",2,4,0.69
"enet",2,4,6.31
"svm_linear",2,4,0.43
"rf",2,5,2.09
"ridge",2,5,0.7
"lasso",2,5,0.69
"enet",2,5,6
"svm_linear",2,5,0.44
"rf",3,1,2.03
"ridge",3,1,0.71
"lasso",3,1,0.71
"enet",3,1,6
"svm_linear",3,1,0.39
"rf",3,2,1.94
"ridge",3,2,0.72
"lasso",3,2,0.66
"enet",3,2,5.86
"svm_linear",3,2,0.4
"rf",3,3,1.89
"ridge",3,3,0.73
"lasso",3,3,0.69
"enet",3,3,5.95
"svm_linear",3,3,0.4
"rf",3,4,2.1
"ridge",3,4,0.7
"lasso",3,4,0.69
"enet",3,4,6.06
"svm_linear",3,4,0.42
"rf",3,5,1.96
"ridge",3,5,0.75
"lasso",3,5,0.68
"enet",3,5,6.1
"svm_linear",3,5,0.4
