"cell_line","task","repeat","fold"
"A704","regression",1,1
"BT-474","regression",1,1
"COLO-668","regression",1,1
"COLO-684","regression",1,1
"COR-L88","regression",1,1
"CW-2","regression",1,1
"Calu-6","regression",1,1
"D-283MED","regression",1,1
"DEL","regression",1,1
"Daudi","regression",1,1
"EKVX","regression",1,1
"GA-10","regression",1,1
"HDLM-2","regression",1,1
"HT","regression",1,1
"JM1","regression",1,1
"JVM-2","regression",1,1
"KARPAS-299","regression",1,1
"KCL-22","regression",1,1
"KMS-12-BM","regression",1,1
"KP-N-RT-BM-1","regression",1,1
"MOLM-13","regression",1,1
"MOLP-8","regression",1,1
"NB4","regression",1,1
"NCI-H1581","regression",1,1
"NCI-H1869","regression",1,1
"NCI-H1963","regression",1,1
"NCI-H510A","regression",1,1
"NCI-H526","regression",1,1
"OCI-LY-19","regression",1,1
"ONS-76","regression",1,1
"OVCAR-4","regression",1,1
"P31-FUJ","regression",1,1
"PF-382","regression",1,1
"REH","regression",1,1
"SCC-15","regression",1,1
"SK-ES-1","regression",1,1
"SK-N-DZ","regression",1,1
"SU-DHL-1","regression",1,1
"SUP-M2","regression",1,1
"THP-1","regression",1,1
"UACC-812","regression",1,1
"A3-KAW","regression",1,2
"C2BBe1","regression",1,2
"CHP-126","regression",1,2
"COR-L279","regression",1,2
"COR-L95","regression",1,2
"DMS-114","regression",1,2
"EC-GI-10","regression",1,2
"GI-ME-N","regression",1,2
"GRANTA-519","regression",1,2
"HCC1500","regression",1,2
"HCC2157","regression",1,2
"HCC2218","regression",1,2
"HH","regression",1,2
"HL-60","regression",1,2
"JJN-3","regression",1,2
"K-562","regression",1,2
"KE-37","regression",1,2
"KLE","regression",1,2
"KU812","regression",1,2
"L-428","regression",1,2
"L-540","regression",1,2
"LAMA-84","regression",1,2
"LNCaP-Clone-FGC","regression",1,2
"LOUCY","regression",1,2
"LS-123","regression",1,2
"MSTO-211H","regression",1,2
"NAMALWA","regression",1,2
"NCI-H1838","regression",1,2
"NCI-H209","regression",1,2
"NCI-H524","regression",1,2
"NCI-H82","regression",1,2
"NU-DUL-1","regression",1,2
"OCI-AML2","regression",1,2
"OCI-AML3","regression",1,2
"OCI-AML5","regression",1,2
"SIMA","regression",1,2
"ST486","regression",1,2
"SU-DHL-6","regression",1,2
"SUP-B15","regression",1,2
"TE-9","regression",1,2
"UACC-257","regression",1,2
"697","regression",1,3
"BV-173","regression",1,3
"CA46","regression",1,3
"CAS-1","regression",1,3
"CL-11","regression",1,3
"CMK","regression",1,3
"COLO-800","regression",1,3
"EHEB","regression",1,3
"EJM","regression",1,3
"HCC-33","regression",1,3
"HCC1187","regression",1,3
"HD-MY-Z","regression",1,3
"HEL","regression",1,3
"KELLY","regression",1,3
"KNS-42","regression",1,3
"KYM-1","regression",1,3
"LOXIMVI","regression",1,3
"MC116","regression",1,3
"MDST8","regression",1,3
"MEG-01","regression",1,3
"MPP-89","regression",1,3
"MV-4-11","regression",1,3
"NALM-6","regression",1,3
"NCI-H1155","regression",1,3
"NCI-H1355","regression",1,3
"NCI-H1975","regression",1,3
"NCI-H2081","regression",1,3
"NCI-H2196","regression",1,3
"NCI-H226","regression",1,3
"NCI-H747","regression",1,3
"NCI-SNU-1","regression",1,3
"OCI-M1","regression",1,3
"PL-21","regression",1,3
"Raji","regression",1,3
"SF539","regression",1,3
"SHP-77","regression",1,3
"SK-MEL-1","regression",1,3
"SK-MM-2","regression",1,3
"SK-PN-DW","regression",1,3
"SKM-1","regression",1,3
"TC-71","regression",1,3
"TE-441-T","regression",1,3
"A253","regression",1,4
"A4-Fuk","regression",1,4
"ALL-SIL","regression",1,4
"AM-38","regression",1,4
"CAL-148","regression",1,4
"DB","regression",1,4
"DMS-79","regression",1,4
"DU-4475","regression",1,4
"ES-2","regression",1,4
"GCIY","regression",1,4
"GDM-1","regression",1,4
"HCC1599","regression",1,4
"JVM-3","regression",1,4
"KALS-1","regression",1,4
"KARPAS-422","regression",1,4
"KASUMI-1","regression",1,4
"KG-1","regression",1,4
"KM12","regression",1,4
"LU-65","regression",1,4
"NB1","regression",1,4
"NCI-H1299","regression",1,4
"NCI-H1395","regression",1,4
"NCI-H1666","regression",1,4
"NCI-H1694","regression",1,4
"NCI-H2171","regression",1,4
"NCI-H446","regression",1,4
"NCI-H69","regression",1,4
"NCI-H716","regression",1,4
"NCI-SNU-5","regression",1,4
"NOMO-1","regression",1,4
"RL95-2","regression",1,4
"RPMI-8226","regression",1,4
"RS4-11","regression",1,4
"SF268","regression",1,4
"SH-4","regression",1,4
"SIG-M5","regression",1,4
"SJSA-1","regression",1,4
"SK-N-FI","regression",1,4
"SU-DHL-4","regression",1,4
"SW954","regression",1,4
"TE-5","regression",1,4
"U-87-MG","regression",1,4
"8-MG-BA","regression",1,5
"A498","regression",1,5
"AMO-1","regression",1,5
"COLO-829","regression",1,5
"DND-41","regression",1,5
"IST-MES1","regression",1,5
"JAR","regression",1,5
"KARPAS-620","regression",1,5
"KM-H2","regression",1,5
"KOPN-8","regression",1,5
"KP-N-YN","regression",1,5
"KS-1","regression",1,5
"KURAMOCHI","regression",1,5
"L-1236","regression",1,5
"L-363","regression",1,5
"LP-1","regression",1,5
"LS-1034","regression",1,5
"LS-513","regression",1,5
"LXF-289","regression",1,5
"ME-1","regression",1,5
"MHH-NB-11","regression",1,5
"MONO-MAC-6","regression",1,5
"NCI-H1092","regression",1,5
"NCI-H1436","regression",1,5
"NCI-H1648","regression",1,5
"NCI-H1836","regression",1,5
"NCI-H1876","regression",1,5
"NCI-H211","regression",1,5
"NCI-H23","regression",1,5
"NCI-SNU-16","regression",1,5
"OPM-2","regression",1,5
"RL","regression",1,5
"RPMI-8402","regression",1,5
"SK-LMS-1","regression",1,5
"SNU-C1","regression",1,5
"SUP-T1","regression",1,5
"TALL-1","regression",1,5
"TE-1","regression",1,5
"TE-15","regression",1,5
"TE-6","regression",1,5
"VCaP","regression",1,5
"WSU-DLCL2","regression",1,5
"A704","regression",2,1
"CAS-1","regression",2,1
"CHP-126","regression",2,1
"COLO-800","regression",2,1
"DMS-114","regression",2,1
"EC-GI-10","regression",2,1
"EHEB","regression",2,1
"EKVX","regression",2,1
"HCC1187","regression",2,1
"HCC2218","regression",2,1
"HEL","regression",2,1
"IST-MES1","regression",2,1
"JVM-2","regression",2,1
"KARPAS-422","regression",2,1
"KCL-22","regression",2,1
"KE-37","regression",2,1
"KMS-12-BM","regression",2,1
"KP-N-RT-BM-1","regression",2,1
"LU-65","regression",2,1
"LXF-289","regression",2,1
"MOLP-8","regression",2,1
"NCI-H1155","regression",2,1
"NCI-H1395","regression",2,1
"NCI-H1694","regression",2,1
"NCI-H2196","regression",2,1
"NCI-H524","regression",2,1
"NCI-SNU-1","regression",2,1
"NOMO-1","regression",2,1
"OCI-AML2","regression",2,1
"OCI-LY-19","regression",2,1
"OCI-M1","regression",2,1
"OVCAR-4","regression",2,1
"PF-382","regression",2,1
"SF268","regression",2,1
"SK-N-FI","regression",2,1
"SKM-1","regression",2,1
"SU-DHL-4","regression",2,1
"SUP-T1","regression",2,1
"SW954","regression",2,1
"U-87-MG","regression",2,1
"UACC-257","regression",2,1
"697","regression",2,2
"ALL-SIL","regression",2,2
"AM-38","regression",2,2
"C2BBe1","regression",2,2
"COLO-668","regression",2,2
"COLO-684","regression",2,2
"COR-L88","regression",2,2
"DEL","regression",2,2
"GCIY","regression",2,2
"GDM-1","regression",2,2
"HCC-33","regression",2,2
"HDLM-2","regression",2,2
"JJN-3","regression",2,2
"JM1","regression",2,2
"KASUMI-1","regression",2,2
"KM-H2","regression",2,2
"KNS-42","regression",2,2
"KS-1","regression",2,2
"LS-1034","regression",2,2
"LS-123","regression",2,2
"MOLM-13","regression",2,2
"MPP-89","regression",2,2
"MV-4-11","regression",2,2
"NCI-H1355","regression",2,2
"NCI-H1581","regression",2,2
"NCI-H1666","regression",2,2
"NCI-H1963","regression",2,2
"NCI-H69","regression",2,2
"NCI-H716","regression",2,2
"NCI-SNU-16","regression",2,2
"NCI-SNU-5","regression",2,2
"P31-FUJ","regression",2,2
"RL95-2","regression",2,2
"RPMI-8402","regression",2,2
"Raji","regression",2,2
"SCC-15","regression",2,2
"SK-N-DZ","regression",2,2
"TE-441-T","regression",2,2
"TE-9","regression",2,2
"THP-1","regression",2,2
"VCaP","regression",2,2
"A3-KAW","regression",2,3
"CMK","regression",2,3
"Calu-6","regression",2,3
"DB","regression",2,3
"DMS-79","regression",2,3
"DU-4475","regression",2,3
"ES-2","regression",2,3
"HCC2157","regression",2,3
"HD-MY-Z","regression",2,3
"HH","regression",2,3
"JAR","regression",2,3
"K-562","regression",2,3
"KP-N-YN","regression",2,3
"KU812","regression",2,3
"KYM-1","regression",2,3
"L-363","regression",2,3
"L-540","regression",2,3
"LOUCY","regression",2,3
"LOXIMVI","regression",2,3
"NALM-6","regression",2,3
"NAMALWA","regression",2,3
"NB1","regression",2,3
"NB4","regression",2,3
"NCI-H1092","regression",2,3
"NCI-H1299","regression",2,3
"NCI-H1648","regression",2,3
"NCI-H2081","regression",2,3
"NCI-H2171","regression",2,3
"NCI-H446","regression",2,3
"NCI-H747","regression",2,3
"OCI-AML3","regression",2,3
"OCI-AML5","regression",2,3
"OPM-2","regression",2,3
"RPMI-8226","regression",2,3
"RS4-11","regression",2,3
"SH-4","regression",2,3
"SHP-77","regression",2,3
"SIMA","regression",2,3
"SJSA-1","regression",2,3
"SK-PN-DW","regression",2,3
"SU-DHL-6","regression",2,3
"TE-1","regression",2,3
"WSU-DLCL2","regression",2,3
"A253","regression",2,4
"A498","regression",2,4
"CA46","regression",2,4
"CAL-148","regression",2,4
"CL-11","regression",2,4
"COLO-829","regression",2,4
"COR-L279","regression",2,4
"COR-L95","regression",2,4
"CW-2","regression",2,4
"EJM","regression",2,4
"GA-10","regression",2,4
"HCC1599","regression",2,4
"HL-60","regression",2,4
"HT","regression",2,4
"KALS-1","regression",2,4
"KARPAS-620","regression",2,4
"KLE","regression",2,4
"KOPN-8","regression",2,4
"L-1236","regression",2,4
"LNCaP-Clone-FGC","regression",2,4
"LP-1","regression",2,4
"ME-1","regression",2,4
"MEG-01","regression",2,4
"NCI-H1836","regression",2,4
"NCI-H1869","regression",2,4
"NCI-H1975","regression",2,4
"NCI-H211","regression",2,4
"NCI-H226","regression",2,4
"NCI-H510A","regression",2,4
"NCI-H526","regression",2,4
"NCI-H82","regression",2,4
"NU-DUL-1","regression",2,4
"ONS-76","regression",2,4
"SF539","regression",2,4
"SK-ES-1","regression",2,4
"SK-LMS-1","regression",2,4
"SK-MM-2","regression",2,4
"SNU-C1","regression",2,4
"SU-DHL-1","regression",2,4
"SUP-M2","regression",2,4
"UACC-812","regression",2,4
"8-MG-BA","regression",2,5
"A4-Fuk","regression",2,5
"AMO-1","regression",2,5
"BT-474","regression",2,5
"BV-173","regression",2,5
"D-283MED","regression",2,5
"DND-41","regression",2,5
"Daudi","regression",2,5
"GI-ME-N","regression",2,5
"GRANTA-519","regression",2,5
"HCC1500","regression",2,5
"JVM-3","regression",2,5
"KARPAS-299","regression",2,5
"KELLY","regression",2,5
"KG-1","regression",2,5
"KM12","regression",2,5
"KURAMOCHI","regression",2,5
"L-428","regression",2,5
"LAMA-84","regression",2,5
"LS-513","regression",2,5
"MC116","regression",2,5
"MDST8","regression",2,5
"MHH-NB-11","regression",2,5
"MONO-MAC-6","regression",2,5
"MSTO-211H","regression",2,5
"NCI-H1436","regression",2,5
"NCI-H1838","regression",2,5
"NCI-H1876","regression",2,5
"NCI-H209","regression",2,5
"NCI-H23","regression",2,5
"PL-21","regression",2,5
"REH","regression",2,5
"RL","regression",2,5
"SIG-M5","regression",2,5
"SK-MEL-1","regression",2,5
"ST486","regression",2,5
"SUP-B15","regression",2,5
"TALL-1","regression",2,5
"TC-71","regression",2,5
"TE-15","regression",2,5
"TE-5","regression",2,5
"TE-6","regression",2,5
"697","regression",3,1
"8-MG-BA","regression",3,1
"A3-KAW","regression",3,1
"BT-474","regression",3,1
"COR-L95","regression",3,1
"CW-2","regression",3,1
"Daudi","regression",3,1
"HCC-33","regression",3,1
"HCC2157","regression",3,1
"HDLM-2","regression",3,1
"HT","regression",3,1
"IST-MES1","regression",3,1
"JAR","regression",3,1
"JVM-2","regression",3,1
"KG-1","regression",3,1
"KMS-12-BM","regression",3,1
"KOPN-8","regression",3,1
"KU812","regression",3,1
"L-1236","regression",3,1
"LAMA-84","regression",3,1
"LP-1","regression",3,1
"LS-513","regression",3,1
"LXF-289","regression",3,1
"MC116","regression",3,1
"NCI-H1155","regression",3,1
"NCI-H1299","regression",3,1
"NCI-H1648","regression",3,1
"NCI-H1838","regression",3,1
"NCI-H1975","regression",3,1
"NCI-H2196","regression",3,1
"NCI-H69","regression",3,1
"NCI-H716","regression",3,1
"OCI-AML5","regression",3,1
"OPM-2","regression",3,1
"RL","regression",3,1
"RPMI-8226","regression",3,1
"SH-4","regression",3,1
"SK-ES-1","regression",3,1
"SUP-T1","regression",3,1
"TALL-1","regression",3,1
"UACC-812","regression",3,1
"A498","regression",3,2
"A704","regression",3,2
"COLO-668","regression",3,2
"COLO-684","regression",3,2
"COLO-800","regression",3,2
"COLO-829","regression",3,2
"COR-L279","regression",3,2
"Calu-6","regression",3,2
"EJM","regression",3,2
"GCIY","regression",3,2
"GDM-1","regression",3,2
"HCC2218","regression",3,2
"HD-MY-Z","regression",3,2
"HEL","regression",3,2
"KALS-1","regression",3,2
"KELLY","regression",3,2
"KP-N-RT-BM-1","regression",3,2
"KS-1","regression",3,2
"L-363","regression",3,2
"MV-4-11","regression",3,2
"NCI-H1395","regression",3,2
"NCI-H1581","regression",3,2
"NCI-H1666","regression",3,2
"NCI-H1876","regression",3,2
"NCI-H209","regression",3,2
"NCI-H211","regression",3,2
"NCI-H446","regression",3,2
"NOMO-1","regression",3,2
"NU-DUL-1","regression",3,2
"OCI-AML2","regression",3,2
"OCI-M1","regression",3,2
"SIG-M5","regression",3,2
"SIMA","regression",3,2
"SKM-1","regression",3,2
"SNU-C1","regression",3,2
"SW954","regression",3,2
"TC-71","regression",3,2
"TE-15","regression",3,2
"TE-441-T","regression",3,2
"UACC-257","regression",3,2
"VCaP","regression",3,2
"BV-173","regression",3,3
"C2BBe1","regression",3,3
"CAS-1","regression",3,3
"COR-L88","regression",3,3
"DB","regression",3,3
"DU-4475","regression",3,3
"EC-GI-10","regression",3,3
"GA-10","regression",3,3
"HCC1599","regression",3,3
"KE-37","regression",3,3
"KM-H2","regression",3,3
"KP-N-YN","regression",3,3
"L-428","regression",3,3
"LOUCY","regression",3,3
"MDST8","regression",3,3
"ME-1","regression",3,3
"MOLM-13","regression",3,3
"MPP-89","regression",3,3
"MSTO-211H","regression",3,3
"NALM-6","regression",3,3
"NCI-H1355","regression",3,3
"NCI-H1436","regression",3,3
"NCI-H1869","regression",3,3
"NCI-H2171","regression",3,3
"NCI-H23","regression",3,3
"NCI-H747","regression",3,3
"NCI-H82","regression",3,3
"OCI-AML3","regression",3,3
"PF-382","regression",3,3
"PL-21","regression",3,3
"REH","regression",3,3
"RL95-2","regression",3,3
"RPMI-8402","regression",3,3
"RS4-11","regression",3,3
"SF268","regression",3,3
"SJSA-1","regression",3,3
"SK-MEL-1","regression",3,3
"SK-N-FI","regression",3,3
"SUP-B15","regression",3,3
"SUP-M2","regression",3,3
"TE-5","regression",3,3
"A253","regression",3,4
"A4-Fuk","regression",3,4
"ALL-SIL","regression",3,4
"AM-38","regression",3,4
"AMO-1","regression",3,4
"CA46","regression",3,4
"CL-11","regression",3,4
"D-283MED","regression",3,4
"DMS-79","regression",3,4
"EHEB","regression",3,4
"ES-2","regression",3,4
"GI-ME-N","regression",3,4
"HCC1500","regression",3,4
"HL-60","regression",3,4
"JJN-3","regression",3,4
"JVM-3","regression",3,4
"KARPAS-422","regression",3,4
"KARPAS-620","regression",3,4
"KM12","regression",3,4
"KNS-42","regression",3,4
"KYM-1","regression",3,4
"L-540","regression",3,4
"LNCaP-Clone-FGC","regression",3,4
"LS-1034","regression",3,4
"LS-123","regression",3,4
"NB1","regression",3,4
"NCI-H1092","regression",3,4
"NCI-H1836","regression",3,4
"NCI-H2081","regression",3,4
"NCI-H226","regression",3,4
"NCI-H524","regression",3,4
"ONS-76","regression",3,4
"OVCAR-4","regression",3,4
"SF539","regression",3,4
"SHP-77","regression",3,4
"SK-N-DZ","regression",3,4
"ST486","regression",3,4
"SU-DHL-6","regression",3,4
"TE-1","regression",3,4
"TE-6","regression",3,4
"U-87-MG","regression",3,4
"WSU-DLCL2","regression",3,4
"CAL-148","regression",3,5
"CHP-126","regression",3,5
"CMK","regression",3,5
"DEL","regression",3,5
"DMS-114","regression",3,5
"DND-41","regression",3,5
"EKVX","regression",3,5
"GRANTA-519","regression",3,5
"HCC1187","regression",3,5
"HH","regression",3,5
"JM1","regression",3,5
"K-562","regression",3,5
"KARPAS-299","regression",3,5
"KASUMI-1","regression",3,5
"KCL-22","regression",3,5
"KLE","regression",3,5
"KURAMOCHI","regression",3,5
"LOXIMVI","regression",3,5
"LU-65","regression",3,5
"MEG-01","regression",3,5
"MHH-NB-11","regression",3,5
"MOLP-8","regression",3,5
"MONO-MAC-6","regression",3,5
"NAMALWA","regression",3,5
"NB4","regression",3,5
"NCI-H1694","regression",3,5
"NCI-H1963","regression",3,5
"NCI-H510A","regression",3,5
"NCI-H526","regression",3,5
"NCI-SNU-1","regression",3,5
"NCI-SNU-16","regression",3,5
"NCI-SNU-5","regression",3,5
"OCI-LY-19","regression",3,5
"P31-FUJ","regression",3,5
"Raji","regression",3,5
"SCC-15","regression",3,5
"SK-LMS-1","regression",3,5
"SK-MM-2","regression",3,5
"SK-PN-DW","regression",3,5
"SU-DHL-1","regression",3,5
"SU-DHL-4","regression",3,5
"TE-9","regression",3,5
"THP-1","regression",3,5
"BV-173","classification",1,1
"C2BBe1","classification",1,1
"CAS-1","classification",1,1
"CHP-126","classification",1,1
"CMK","classification",1,1
"COLO-668","classification",1,1
"COLO-800","classification",1,1
"DMS-114","classification",1,1
"EKVX","classification",1,1
"HCC1187","classification",1,1
"KARPAS-299","classification",1,1
"KCL-22","classification",1,1
"KELLY","classification",1,1
"KM12","classification",1,1
"KMS-12-BM","classification",1,1
"KYM-1","classification",1,1
"L-363","classification",1,1
"L-540","classification",1,1
"LU-65","classification",1,1
"MOLP-8","classification",1,1
"NALM-6","classification",1,1
"NAMALWA","classification",1,1
"NCI-H1436","classification",1,1
"NCI-H747","classification",1,1
"NCI-SNU-1","classification",1,1
"NCI-SNU-5","classification",1,1
"OCI-AML5","classification",1,1
"OCI-LY-19","classification",1,1
"OCI-M1","classification",1,1
"OPM-2","classification",1,1
"OVCAR-4","classification",1,1
"RL95-2","classification",1,1
"Raji","classification",1,1
"SK-ES-1","classification",1,1
"SK-PN-DW","classification",1,1
"ST486","classification",1,1
"SUP-B15","classification",1,1
"TC-71","classification",1,1
"TE-1","classification",1,1
"TE-441-T","classification",1,1
"THP-1","classification",1,1
"A498","classification",1,2
"COR-L95","classification",1,2
"GRANTA-519","classification",1,2
"HD-MY-Z","classification",1,2
"HEL","classification",1,2
"HH","classification",1,2
"HL-60","classification",1,2
"JAR","classification",1,2
"JM1","classification",1,2
"JVM-3","classification",1,2
"K-562","classification",1,2
"KASUMI-1","classification",1,2
"KM-H2","classification",1,2
"KOPN-8","classification",1,2
"KP-N-RT-BM-1","classification",1,2
"KS-1","classification",1,2
"L-1236","classification",1,2
"LNCaP-Clone-FGC","classification",1,2
"LP-1","classification",1,2
"MOLM-13","classification",1,2
"MSTO-211H","classification",1,2
"NB1","classification",1,2
"NB4","classification",1,2
"NCI-H1299","classification",1,2
"NCI-H1355","classification",1,2
"NCI-H1666","classification",1,2
"NCI-H1876","classification",1,2
"NCI-H2196","classification",1,2
"NCI-H524","classification",1,2
"NCI-H716","classification",1,2
"NCI-SNU-16","classification",1,2
"OCI-AML2","classification",1,2
"OCI-AML3","classification",1,2
"RL","classification",1,2
"RPMI-8226","classification",1,2
"RPMI-8402","classification",1,2
"SH-4","classification",1,2
"SIG-M5","classification",1,2
"SK-MEL-1","classification",1,2
"SU-DHL-4","classification",1,2
"SUP-T1","classification",1,2
"TALL-1","classification",1,2
"TE-5","classification",1,2
"A3-KAW","classification",1,3
"AM-38","classification",1,3
"BT-474","classification",1,3
"CA46","classification",1,3
"COLO-829","classification",1,3
"COR-L88","classification",1,3
"Calu-6","classification",1,3
"D-283MED","classification",1,3
"DB","classification",1,3
"DEL","classification",1,3
"DMS-79","classification",1,3
"Daudi","classification",1,3
"ES-2","classification",1,3
"HCC1599","classification",1,3
"HCC2157","classification",1,3
"HCC2218","classification",1,3
"JVM-2","classification",1,3
"KALS-1","classification",1,3
"KLE","classification",1,3
"KNS-42","classification",1,3
"LOUCY","classification",1,3
"LS-1034","classification",1,3
"LS-123","classification",1,3
"LS-513","classification",1,3
"MC116","classification",1,3
"MPP-89","classification",1,3
"NCI-H1395","classification",1,3
"NCI-H1694","classification",1,3
"NCI-H1838","classification",1,3
"NCI-H1869","classification",1,3
"NCI-H2081","classification",1,3
"NCI-H209","classification",1,3
"NCI-H2171","classification",1,3
"NCI-H23","classification",1,3
"NCI-H526","classification",1,3
"P31-FUJ","classification",1,3
"PL-21","classification",1,3
"RS4-11","classification",1,3
"SHP-77","classification",1,3
"SK-LMS-1","classification",1,3
"WSU-DLCL2","classification",1,3
"697","classification",1,4
"A4-Fuk","classification",1,4
"ALL-SIL","classification",1,4
"CL-11","classification",1,4
"COLO-684","classification",1,4
"COR-L279","classification",1,4
"CW-2","classification",1,4
"DND-41","classification",1,4
"EHEB","classification",1,4
"EJM","classification",1,4
"GA-10","classification",1,4
"GDM-1","classification",1,4
"GI-ME-N","classification",1,4
"HCC-33","classification",1,4
"HDLM-2","classification",1,4
"JJN-3","classification",1,4
"KARPAS-620","classification",1,4
"KE-37","classification",1,4
"KG-1","classification",1,4
"KU812","classification",1,4
"L-428","classification",1,4
"LAMA-84","classification",1,4
"ME-1","classification",1,4
"MEG-01","classification",1,4
"MHH-NB-11","classification",1,4
"MV-4-11","classification",1,4
"NCI-H1836","classification",1,4
"NCI-H446","classification",1,4
"NCI-H69","classification",1,4
"NCI-H82","classification",1,4
"NU-DUL-1","classification",1,4
"REH","classification",1,4
"SCC-15","classification",1,4
"SF268","classification",1,4
"SIMA","classification",1,4
"SJSA-1","classification",1,4
"SKM-1","classification",1,4
"SNU-C1","classification",1,4
"SU-DHL-1","classification",1,4
"SUP-M2","classification",1,4
"SW954","classification",1,4
"TE-9","classification",1,4
"8-MG-BA","classification",1,5
"A253","classification",1,5
"A704","classification",1,5
"AMO-1","classification",1,5
"CAL-148","classification",1,5
"DU-4475","classification",1,5
"EC-GI-10","classification",1,5
"GCIY","classification",1,5
"HCC1500","classification",1,5
"HT","classification",1,5
"IST-MES1","classification",1,5
"KARPAS-422","classification",1,5
"KP-N-YN","classification",1,5
"KURAMOCHI","classification",1,5
"LOXIMVI","classification",1,5
"LXF-289","classification",1,5
"MDST8","classification",1,5
"MONO-MAC-6","classification",1,5
"NCI-H1092","classification",1,5
"NCI-H1155","classification",1,5
"NCI-H1581","classification",1,5
"NCI-H1648","classification",1,5
"NCI-H1963","classification",1,5
"NCI-H1975","classification",1,5
"NCI-H211","classification",1,5
"NCI-H226","classification",1,5
"NCI-H510A","classification",1,5
"NOMO-1","classification",1,5
"ONS-76","classification",1,5
"PF-382","classification",1,5
"SF539","classification",1,5
"SK-MM-2","classification",1,5
"SK-N-DZ","classification",1,5
"SK-N-FI","classification",1,5
"SU-DHL-6","classification",1,5
"TE-15","classification",1,5
"TE-6","classification",1,5
"U-87-MG","classification",1,5
"UACC-257","classification",1,5
"UACC-812","classification",1,5
"VCaP","classification",1,5
"A253","classification",2,1
"BV-173","classification",2,1
"CAL-148","classification",2,1
"CL-11","classification",2,1
"COLO-829","classification",2,1
"DMS-79","classification",2,1
"DU-4475","classification",2,1
"Daudi","classification",2,1
"GCIY","classification",2,1
"HH","classification",2,1
"KALS-1","classification",2,1
"KARPAS-620","classification",2,1
"KASUMI-1","classification",2,1
"KCL-22","classification",2,1
"KE-37","classification",2,1
"KNS-42","classification",2,1
"KP-N-YN","classification",2,1
"KU812","classification",2,1
"L-1236","classification",2,1
"LOXIMVI","classification",2,1
"LS-1034","classification",2,1
"LS-513","classification",2,1
"LXF-289","classification",2,1
"MEG-01","classification",2,1
"MHH-NB-11","classification",2,1
"MPP-89","classification",2,1
"NB4","classification",2,1
"NCI-H1299","classification",2,1
"NCI-H2081","classification",2,1
"NCI-H209","classification",2,1
"NCI-H510A","classification",2,1
"NCI-H716","classification",2,1
"NU-DUL-1","classification",2,1
"OCI-AML5","classification",2,1
"PL-21","classification",2,1
"SF268","classification",2,1
"SK-N-DZ","classification",2,1
"SUP-M2","classification",2,1
"TALL-1","classification",2,1
"TC-71","classification",2,1
"U-87-MG","classification",2,1
"WSU-DLCL2","classification",2,1
"697","classification",2,2
"A498","classification",2,2
"A704","classification",2,2
"AMO-1","classification",2,2
"CHP-126","classification",2,2
"COLO-800","classification",2,2
"COR-L279","classification",2,2
"CW-2","classification",2,2
"DB","classification",2,2
"HDLM-2","classification",2,2
"HT","classification",2,2
"IST-MES1","classification",2,2
"KMS-12-BM","classification",2,2
"KP-N-RT-BM-1","classification",2,2
"KYM-1","classification",2,2
"L-363","classification",2,2
"LU-65","classification",2,2
"MDST8","classification",2,2
"NB1","classification",2,2
"NCI-H1355","classification",2,2
"NCI-H1436","classification",2,2
"NCI-H1648","classification",2,2
"NCI-H1666","classification",2,2
"NCI-H1963","classification",2,2
"NCI-SNU-1","classification",2,2
"NCI-SNU-16","classification",2,2
"NOMO-1","classification",2,2
"REH","classification",2,2
"RS4-11","classification",2,2
"SJSA-1","classification",2,2
"SK-LMS-1","classification",2,2
"SK-MM-2","classification",2,2
"SK-PN-DW","classification",2,2
"SNU-C1","classification",2,2
"SU-DHL-1","classification",2,2
"SUP-B15","classification",2,2
"SUP-T1","classification",2,2
"SW954","classification",2,2
"TE-6","classification",2,2
"THP-1","classification",2,2
"UACC-257","classification",2,2
"UACC-812","classification",2,2
"AM-38","classification",2,3
"CAS-1","classification",2,3
"COR-L88","classification",2,3
"Calu-6","classification",2,3
"D-283MED","classification",2,3
"DEL","classification",2,3
"DMS-114","classification",2,3
"EC-GI-10","classification",2,3
"ES-2","classification",2,3
"GRANTA-519","classification",2,3
"HCC-33","classification",2,3
"HCC1500","classification",2,3
"HD-MY-Z","classification",2,3
"HEL","classification",2,3
"HL-60","classification",2,3
"JJN-3","classification",2,3
"JM1","classification",2,3
"JVM-3","classification",2,3
"KARPAS-422","classification",2,3
"KLE","classification",2,3
"KOPN-8","classification",2,3
"KS-1","classification",2,3
"L-428","classification",2,3
"MONO-MAC-6","classification",2,3
"NALM-6","classification",2,3
"NCI-H1092","classification",2,3
"NCI-H1155","classification",2,3
"NCI-H1395","classification",2,3
"NCI-H1836","classification",2,3
"NCI-H1876","classification",2,3
"NCI-H446","classification",2,3
"NCI-H526","classification",2,3
"NCI-H69","classification",2,3
"OCI-LY-19","classification",2,3
"PF-382","classification",2,3
"RL95-2","classification",2,3
"RPMI-8402","classification",2,3
"SK-ES-1","classification",2,3
"SKM-1","classification",2,3
"SU-DHL-4","classification",2,3
"TE-5","classification",2,3
"A3-KAW","classification",2,4
"CA46","classification",2,4
"CMK","classification",2,4
"COLO-668","classification",2,4
"COR-L95","classification",2,4
"EHEB","classification",2,4
"GI-ME-N","classification",2,4
"HCC1187","classification",2,4
"HCC2157","classification",2,4
"JVM-2","classification",2,4
"KARPAS-299","classification",2,4
"KELLY","classification",2,4
"KG-1","classification",2,4
"KM12","classification",2,4
"LAMA-84","classification",2,4
"LOUCY","classification",2,4
"LS-123","classification",2,4
"MOLM-13","classification",2,4
"MOLP-8","classification",2,4
"NAMALWA","classification",2,4
"NCI-H1694","classification",2,4
"NCI-H1975","classification",2,4
"NCI-H211","classification",2,4
"NCI-H2171","classification",2,4
"NCI-H226","classification",2,4
"NCI-H23","classification",2,4
"NCI-H524","classification",2,4
"OCI-AML2","classification",2,4
"OCI-AML3","classification",2,4
"OPM-2","classification",2,4
"RL","classification",2,4
"Raji","classification",2,4
"SF539","classification",2,4
"SH-4","classification",2,4
"SHP-77","classification",2,4
"SIG-M5","classification",2,4
"SK-MEL-1","classification",2,4
"ST486","classification",2,4
"SU-DHL-6","classification",2,4
"TE-1","classification",2,4
"TE-441-T","classification",2,4
"VCaP","classification",2,4
"8-MG-BA","classification",2,5
"A4-Fuk","classification",2,5
"ALL-SIL","classification",2,5
"BT-474","classification",2,5
"C2BBe1","classification",2,5
"COLO-684","classification",2,5
"DND-41","classification",2,5
"EJM","classification",2,5
"EKVX","classification",2,5
"GA-10","classification",2,5
"GDM-1","classification",2,5
"HCC1599","classification",2,5
"HCC2218","classification",2,5
"JAR","classification",2,5
"K-562","classification",2,5
"KM-H2","classification",2,5
"KURAMOCHI","classification",2,5
"L-540","classification",2,5
"LNCaP-Clone-FGC","classification",2,5
"LP-1","classification",2,5
"MC116","classification",2,5
"ME-1","classification",2,5
"MSTO-211H","classification",2,5
"MV-4-11","classification",2,5
"NCI-H1581","classification",2,5
"NCI-H1838","classification",2,5
"NCI-H1869","classification",2,5
"NCI-H2196","classification",2,5
"NCI-H747","classification",2,5
"NCI-H82","classification",2,5
"NCI-SNU-5","classification",2,5
"OCI-M1","classification",2,5
"ONS-76","classification",2,5
"OVCAR-4","classification",2,5
"P31-FUJ","classification",2,5
"RPMI-8226","classification",2,5
"SCC-15","classification",2,5
"SIMA","classification",2,5
"SK-N-FI","classification",2,5
"TE-15","classification",2,5
"TE-9","classification",2,5
"A4-Fuk","classification",3,1
"C2BBe1","classification",3,1
"CL-11","classification",3,1
"COR-L279","classification",3,1
"D-283MED","classification",3,1
"DB","classification",3,1
"DMS-114","classification",3,1
"DU-4475","classification",3,1
"GDM-1","classification",3,1
"GI-ME-N","classification",3,1
"GRANTA-519","classification",3,1
"HCC1187","classification",3,1
"HCC1500","classification",3,1
"HCC1599","classification",3,1
"HEL","classification",3,1
"IST-MES1","classification",3,1
"JM1","classification",3,1
"JVM-2","classification",3,1
"KARPAS-620","classification",3,1
"KASUMI-1","classification",3,1
"KCL-22","classification",3,1
"KM-H2","classification",3,1
"KM12","classification",3,1
"KP-N-YN","classification",3,1
"KU812","classification",3,1
"L-428","classification",3,1
"LS-123","classification",3,1
"MOLM-13","classification",3,1
"NB1","classification",3,1
"NCI-H1436","classification",3,1
"NCI-H1581","classification",3,1
"NCI-H1694","classification",3,1
"NCI-H1838","classification",3,1
"NCI-H23","classification",3,1
"NCI-H526","classification",3,1
"NCI-SNU-1","classification",3,1
"OPM-2","classification",3,1
"RPMI-8226","classification",3,1
"SK-MEL-1","classification",3,1
"SK-N-DZ","classification",3,1
"SU-DHL-4","classification",3,1
"TE-9","classification",3,1
"697","classification",3,2
"A704","classification",3,2
"BV-173","classification",3,2
"COLO-829","classification",3,2
"COR-L95","classification",3,2
"DMS-79","classification",3,2
"DND-41","classification",3,2
"EHEB","classification",3,2
"KE-37","classification",3,2
"KS-1","classification",3,2
"L-1236","classification",3,2
"LAMA-84","classification",3,2
"LOUCY","classification",3,2
"LS-513","classification",3,2
"LU-65","classification",3,2
"MDST8","classification",3,2
"MEG-01","classification",3,2
"MONO-MAC-6","classification",3,2
"NCI-H1155","classification",3,2
"NCI-H1648","classification",3,2
"NCI-H1666","classification",3,2
"NCI-H2196","classification",3,2
"NCI-H69","classification",3,2
"NOMO-1","classification",3,2
"PF-382","classification",3,2
"PL-21","classification",3,2
"REH","classification",3,2
"RL","classification",3,2
"SF268","classification",3,2
"SH-4","classification",3,2
"SJSA-1","classification",3,2
"SK-ES-1","classification",3,2
"SK-LMS-1","classification",3,2
"SK-N-FI","classification",3,2
"SUP-B15","classification",3,2
"SUP-M2","classification",3,2
"SUP-T1","classification",3,2
"TALL-1","classification",3,2
"TE-441-T","classification",3,2
"UACC-257","classification",3,2
"UACC-812","classification",3,2
"A253","classification",3,3
"AMO-1","classification",3,3
"BT-474","classification",3,3
"CAL-148","classification",3,3
"CAS-1","classification",3,3
"CW-2","classification",3,3
"DEL","classification",3,3
"EKVX","classification",3,3
"GA-10","classification",3,3
"K-562","classification",3,3
"KALS-1","classification",3,3
"KLE","classification",3,3
"L-363","classification",3,3
"LNCaP-Clone-FGC","classification",3,3
"LP-1","classification",3,3
"LS-1034","classification",3,3
"ME-1","classification",3,3
"NCI-H1092","classification",3,3
"NCI-H1836","classification",3,3
"NCI-H1869","classification",3,3
"NCI-H1876","classification",3,3
"NCI-H1963","classification",3,3
"NCI-H2081","classification",3,3
"NCI-H209","classification",3,3
"NCI-H211","classification",3,3
"NCI-H226","classification",3,3
"NCI-H446","classification",3,3
"OCI-AML3","classification",3,3
"ONS-76","classification",3,3
"OVCAR-4","classification",3,3
"RPMI-8402","classification",3,3
"Raji","classification",3,3
"SCC-15","classification",3,3
"SHP-77","classification",3,3
"SK-MM-2","classification",3,3
"SNU-C1","classification",3,3
"TE-1","classification",3,3
"TE-15","classification",3,3
"TE-5","classification",3,3
"THP-1","classification",3,3
"VCaP","classification",3,3
"A3-KAW","classification",3,4
"A498","classification",3,4
"ALL-SIL","classification",3,4
"AM-38","classification",3,4
"CA46","classification",3,4
"CMK","classification",3,4
"COLO-668","classification",3,4
"Calu-6","classification",3,4
"Daudi","classification",3,4
"GCIY","classification",3,4
"HCC-33","classification",3,4
"HCC2157","classification",3,4
"HD-MY-Z","classification",3,4
"HDLM-2","classification",3,4
"HH","classification",3,4
"HL-60","classification",3,4
"HT","classification",3,4
"JVM-3","classification",3,4
"KARPAS-299","classification",3,4
"KARPAS-422","classification",3,4
"KELLY","classification",3,4
"KG-1","classification",3,4
"KNS-42","classification",3,4
"KOPN-8","classification",3,4
"KP-N-RT-BM-1","classification",3,4
"KYM-1","classification",3,4
"L-540","classification",3,4
"LOXIMVI","classification",3,4
"LXF-289","classification",3,4
"MHH-NB-11","classification",3,4
"MSTO-211H","classification",3,4
"NB4","classification",3,4
"NCI-H1395","classification",3,4
"NCI-H510A","classification",3,4
"NCI-H747","classification",3,4
"OCI-AML5","classification",3,4
"OCI-LY-19","classification",3,4
"SKM-1","classification",3,4
"SU-DHL-6","classification",3,4
"SW954","classification",3,4
"TC-71","classification",3,4
"WSU-DLCL2","classification",3,4
"8-MG-BA","classification",3,5
"CHP-126","classification",3,5
"COLO-684","classification",3,5
"COLO-800","classification",3,5
"COR-L88","classification",3,5
"EC-GI-10","classification",3,5
"EJM","classification",3,5
"ES-2","classification",3,5
"HCC2218","classification",3,5
"JAR","classification",3,5
"JJN-3","classification",3,5
"KMS-12-BM","classification",3,5
"KURAMOCHI","classification",3,5
"MC116","classification",3,5
"MOLP-8","classification",3,5
"MPP-89","classification",3,5
"MV-4-11","classification",3,5
"NALM-6","classification",3,5
"NAMALWA","classification",3,5
"NCI-H1299","classification",3,5
"NCI-H1355","classification",3,5
"NCI-H1975","classification",3,5
"NCI-H2171","classification",3,5
"NCI-H524","classification",3,5
"NCI-H716","classification",3,5
"NCI-H82","classification",3,5
"NCI-SNU-16","classification",3,5
"NCI-SNU-5","classification",3,5
"NU-DUL-1","classification",3,5
"OCI-AML2","classification",3,5
"OCI-M1","classification",3,5
"P31-FUJ","classification",3,5
"RL95-2","classification",3,5
"RS4-11","classification",3,5
"SF539","classification",3,5
"SIG-M5","classification",3,5
"SIMA","classification",3,5
"SK-PN-DW","classification",3,5
"ST486","classification",3,5
"SU-DHL-1","classification",3,5
"TE-6","classification",3,5
"U-87-MG","classification",3,5
