"drug","task","model","repeat","fold","parameter","value","inner_score"
"paclitaxel","regression","rf",1,1,"mtry","10",0.192029219135844
"paclitaxel","regression","rf",1,1,"min.node.size","3",0.192029219135844
"paclitaxel","regression","rf",1,1,"sample.fraction","0.632",0.192029219135844
"paclitaxel","regression","rf",1,1,"max.depth","20",0.192029219135844
"paclitaxel","regression","rf",1,1,"num.trees","500",0.192029219135844
"paclitaxel","regression","ridge",1,1,"alpha","0",0.191350811522297
"paclitaxel","regression","ridge",1,1,"lambda","0.5041579989",0.191350811522297
"paclitaxel","regression","ridge",1,1,"lambda_rule","lambda.min",0.191350811522297
"paclitaxel","regression","lasso",1,1,"alpha","1",0.194123039842192
"paclitaxel","regression","lasso",1,1,"lambda","0.01435860064",0.194123039842192
"paclitaxel","regression","lasso",1,1,"lambda_rule","lambda.min",0.194123039842192
"paclitaxel","regression","enet",1,1,"alpha","0.1",0.191005289108325
"paclitaxel","regression","enet",1,1,"lambda","0.103680713",0.191005289108325
"paclitaxel","regression","enet",1,1,"lambda_rule","lambda.min",0.191005289108325
"paclitaxel","regression","svm_linear",1,1,"cost","0.01",0.199674570987847
"paclitaxel","regression","svm_linear",1,1,"epsilon","0.2",0.199674570987847
"paclitaxel","regression","rf",1,2,"mtry","20",0.188604167682686
"paclitaxel","regression","rf",1,2,"min.node.size","3",0.188604167682686
"paclitaxel","regression","rf",1,2,"sample.fraction","0.75",0.188604167682686
"paclitaxel","regression","rf",1,2,"max.depth","30",0.188604167682686
"paclitaxel","regression","rf",1,2,"num.trees","500",0.188604167682686
"paclitaxel","regression","ridge",1,2,"alpha","0",0.193932487004291
"paclitaxel","regression","ridge",1,2,"lambda","0.6106900484",0.193932487004291
"paclitaxel","regression","ridge",1,2,"lambda_rule","lambda.min",0.193932487004291
"paclitaxel","regression","lasso",1,2,"alpha","1",0.193938125715608
"paclitaxel","regression","lasso",1,2,"lambda","0.02408687389",0.193938125715608
"paclitaxel","regression","lasso",1,2,"lambda_rule","lambda.min",0.193938125715608
"paclitaxel","regression","enet",1,2,"alpha","0.1",0.19181403310801
"paclitaxel","regression","enet",1,2,"lambda","0.1144321653",0.19181403310801
"paclitaxel","regression","enet",1,2,"lambda_rule","lambda.min",0.19181403310801
"paclitaxel","regression","svm_linear",1,2,"cost","0.01",0.205029106159845
"paclitaxel","regression","svm_linear",1,2,"epsilon","0.2",0.205029106159845
"paclitaxel","regression","rf",1,3,"mtry","14",0.189500921740427
"paclitaxel","regression","rf",1,3,"min.node.size","1",0.189500921740427
"paclitaxel","regression","rf",1,3,"sample.fraction","0.75",0.189500921740427
"paclitaxel","regression","rf",1,3,"max.depth","40",0.189500921740427
"paclitaxel","regression","rf",1,3,"num.trees","500",0.189500921740427
"paclitaxel","regression","ridge",1,3,"alpha","0",0.193673451042683
"paclitaxel","regression","ridge",1,3,"lambda","1.04081871",0.193673451042683
"paclitaxel","regression","ridge",1,3,"lambda_rule","lambda.min",0.193673451042683
"paclitaxel","regression","lasso",1,3,"alpha","1",0.195910719236718
"paclitaxel","regression","lasso",1,3,"lambda","0.0246100482",0.195910719236718
"paclitaxel","regression","lasso",1,3,"lambda_rule","lambda.min",0.195910719236718
"paclitaxel","regression","enet",1,3,"alpha","0.1",0.193359814370011
"paclitaxel","regression","enet",1,3,"lambda","0.1545582751",0.193359814370011
"paclitaxel","regression","enet",1,3,"lambda_rule","lambda.min",0.193359814370011
"paclitaxel","regression","svm_linear",1,3,"cost","0.01",0.210008841890593
"paclitaxel","regression","svm_linear",1,3,"epsilon","0.2",0.210008841890593
"paclitaxel","regression","rf",1,4,"mtry","5",0.199195694136137
"paclitaxel","regression","rf",1,4,"min.node.size","3",0.199195694136137
"paclitaxel","regression","rf",1,4,"sample.fraction","0.75",0.199195694136137
"paclitaxel","regression","rf",1,4,"max.depth","0",0.199195694136137
"paclitaxel","regression","rf",1,4,"num.trees","500",0.199195694136137
"paclitaxel","regression","ridge",1,4,"alpha","0",0.200316901565754
"paclitaxel","regression","ridge",1,4,"lambda","0.4445194521",0.200316901565754
"paclitaxel","regression","ridge",1,4,"lambda_rule","lambda.min",0.200316901565754
"paclitaxel","regression","lasso",1,4,"alpha","1",0.198464750242184
"paclitaxel","regression","lasso",1,4,"lambda","0.01836759888",0.198464750242184
"paclitaxel","regression","lasso",1,4,"lambda_rule","lambda.min",0.198464750242184
"paclitaxel","regression","enet",1,4,"alpha","0.1",0.197549655580124
"paclitaxel","regression","enet",1,4,"lambda","0.1389441497",0.197549655580124
"paclitaxel","regression","enet",1,4,"lambda_rule","lambda.min",0.197549655580124
"paclitaxel","regression","svm_linear",1,4,"cost","0.01",0.206702172482176
"paclitaxel","regression","svm_linear",1,4,"epsilon","0.1",0.206702172482176
"paclitaxel","regression","rf",1,5,"mtry","5",0.194767015168945
"paclitaxel","regression","rf",1,5,"min.node.size","5",0.194767015168945
"paclitaxel","regression","rf",1,5,"sample.fraction","0.55",0.194767015168945
"paclitaxel","regression","rf",1,5,"max.depth","20",0.194767015168945
"paclitaxel","regression","rf",1,5,"num.trees","500",0.194767015168945
"paclitaxel","regression","ridge",1,5,"alpha","0",0.192548459275044
"paclitaxel","regression","ridge",1,5,"lambda","0.4199880821",0.192548459275044
"paclitaxel","regression","ridge",1,5,"lambda_rule","lambda.min",0.192548459275044
"paclitaxel","regression","lasso",1,5,"alpha","1",0.185514785847905
"paclitaxel","regression","lasso",1,5,"lambda","0.01141774662",0.185514785847905
"paclitaxel","regression","lasso",1,5,"lambda_rule","lambda.min",0.185514785847905
"paclitaxel","regression","enet",1,5,"alpha","0.2",0.185400186837144
"paclitaxel","regression","enet",1,5,"lambda","0.04965286868",0.185400186837144
"paclitaxel","regression","enet",1,5,"lambda_rule","lambda.min",0.185400186837144
"paclitaxel","regression","svm_linear",1,5,"cost","0.01",0.201819262393785
"paclitaxel","regression","svm_linear",1,5,"epsilon","0.2",0.201819262393785
"paclitaxel","regression","rf",2,1,"mtry","5",0.199170718547129
"paclitaxel","regression","rf",2,1,"min.node.size","10",0.199170718547129
"paclitaxel","regression","rf",2,1,"sample.fraction","0.75",0.199170718547129
"paclitaxel","regression","rf",2,1,"max.depth","0",0.199170718547129
"paclitaxel","regression","rf",2,1,"num.trees","500",0.199170718547129
"paclitaxel","regression","ridge",2,1,"alpha","0",0.199364089397985
"paclitaxel","regression","ridge",2,1,"lambda","0.7598953375",0.199364089397985
"paclitaxel","regression","ridge",2,1,"lambda_rule","lambda.min",0.199364089397985
"paclitaxel","regression","lasso",2,1,"alpha","1",0.200753772771129
"paclitaxel","regression","lasso",2,1,"lambda","0.04999603898",0.200753772771129
"paclitaxel","regression","lasso",2,1,"lambda_rule","lambda.min",0.200753772771129
"paclitaxel","regression","enet",2,1,"alpha","0.1",0.200543721691451
"paclitaxel","regression","enet",2,1,"lambda","0.2606797616",0.200543721691451
"paclitaxel","regression","enet",2,1,"lambda_rule","lambda.min",0.200543721691451
"paclitaxel","regression","svm_linear",2,1,"cost","0.01",0.208905636379812
"paclitaxel","regression","svm_linear",2,1,"epsilon","0.05",0.208905636379812
"paclitaxel","regression","rf",2,2,"mtry","50",0.191338565135988
"paclitaxel","regression","rf",2,2,"min.node.size","1",0.191338565135988
"paclitaxel","regression","rf",2,2,"sample.fraction","0.55",0.191338565135988
"paclitaxel","regression","rf",2,2,"max.depth","20",0.191338565135988
"paclitaxel","regression","rf",2,2,"num.trees","500",0.191338565135988
"paclitaxel","regression","ridge",2,2,"alpha","0",0.19471864229395
"paclitaxel","regression","ridge",2,2,"lambda","0.7791051523",0.19471864229395
"paclitaxel","regression","ridge",2,2,"lambda_rule","lambda.min",0.19471864229395
"paclitaxel","regression","lasso",2,2,"alpha","1",0.195587738274446
"paclitaxel","regression","lasso",2,2,"lambda","0.01678531167",0.195587738274446
"paclitaxel","regression","lasso",2,2,"lambda_rule","lambda.min",0.195587738274446
"paclitaxel","regression","enet",2,2,"alpha","0.2",0.194787681989525
"paclitaxel","regression","enet",2,2,"lambda","0.08011196676",0.194787681989525
"paclitaxel","regression","enet",2,2,"lambda_rule","lambda.min",0.194787681989525
"paclitaxel","regression","svm_linear",2,2,"cost","0.01",0.208907521573323
"paclitaxel","regression","svm_linear",2,2,"epsilon","0.2",0.208907521573323
"paclitaxel","regression","rf",2,3,"mtry","10",0.189849343856128
"paclitaxel","regression","rf",2,3,"min.node.size","3",0.189849343856128
"paclitaxel","regression","rf",2,3,"sample.fraction","0.632",0.189849343856128
"paclitaxel","regression","rf",2,3,"max.depth","40",0.189849343856128
"paclitaxel","regression","rf",2,3,"num.trees","500",0.189849343856128
"paclitaxel","regression","ridge",2,3,"alpha","0",0.192062389478142
"paclitaxel","regression","ridge",2,3,"lambda","0.7415463015",0.192062389478142
"paclitaxel","regression","ridge",2,3,"lambda_rule","lambda.min",0.192062389478142
"paclitaxel","regression","lasso",2,3,"alpha","1",0.191691670013877
"paclitaxel","regression","lasso",2,3,"lambda","0.02317863028",0.191691670013877
"paclitaxel","regression","lasso",2,3,"lambda_rule","lambda.min",0.191691670013877
"paclitaxel","regression","enet",2,3,"alpha","0.2",0.191080122604158
"paclitaxel","regression","enet",2,3,"lambda","0.09184334051",0.191080122604158
"paclitaxel","regression","enet",2,3,"lambda_rule","lambda.min",0.191080122604158
"paclitaxel","regression","svm_linear",2,3,"cost","0.01",0.200429887294116
"paclitaxel","regression","svm_linear",2,3,"epsilon","0.05",0.200429887294116
"paclitaxel","regression","rf",2,4,"mtry","5",0.194831230493029
"paclitaxel","regression","rf",2,4,"min.node.size","3",0.194831230493029
"paclitaxel","regression","rf",2,4,"sample.fraction","0.75",0.194831230493029
"paclitaxel","regression","rf",2,4,"max.depth","0",0.194831230493029
"paclitaxel","regression","rf",2,4,"num.trees","500",0.194831230493029
"paclitaxel","regression","ridge",2,4,"alpha","0",0.197944402186849
"paclitaxel","regression","ridge",2,4,"lambda","1.16779816",0.197944402186849
"paclitaxel","regression","ridge",2,4,"lambda_rule","lambda.min",0.197944402186849
"paclitaxel","regression","lasso",2,4,"alpha","1",0.203235227318633
"paclitaxel","regression","lasso",2,4,"lambda","0.02515944867",0.203235227318633
"paclitaxel","regression","lasso",2,4,"lambda_rule","lambda.min",0.203235227318633
"paclitaxel","regression","enet",2,4,"alpha","0.1",0.199235545319268
"paclitaxel","regression","enet",2,4,"lambda","0.1195277644",0.199235545319268
"paclitaxel","regression","enet",2,4,"lambda_rule","lambda.min",0.199235545319268
"paclitaxel","regression","svm_linear",2,4,"cost","0.01",0.207002376271109
"paclitaxel","regression","svm_linear",2,4,"epsilon","0.05",0.207002376271109
"paclitaxel","regression","rf",2,5,"mtry","35",0.189984393729416
"paclitaxel","regression","rf",2,5,"min.node.size","5",0.189984393729416
"paclitaxel","regression","rf",2,5,"sample.fraction","0.632",0.189984393729416
"paclitaxel","regression","rf",2,5,"max.depth","20",0.189984393729416
"paclitaxel","regression","rf",2,5,"num.trees","500",0.189984393729416
"paclitaxel","regression","ridge",2,5,"alpha","0",0.194615063511941
"paclitaxel","regression","ridge",2,5,"lambda","1.724338719",0.194615063511941
"paclitaxel","regression","ridge",2,5,"lambda_rule","lambda.min",0.194615063511941
"paclitaxel","regression","lasso",2,5,"alpha","1",0.194914378640061
"paclitaxel","regression","lasso",2,5,"lambda","0.01764914172",0.194914378640061
"paclitaxel","regression","lasso",2,5,"lambda_rule","lambda.min",0.194914378640061
"paclitaxel","regression","enet",2,5,"alpha","0.1",0.193679898626021
"paclitaxel","regression","enet",2,5,"lambda","0.1608124061",0.193679898626021
"paclitaxel","regression","enet",2,5,"lambda_rule","lambda.min",0.193679898626021
"paclitaxel","regression","svm_linear",2,5,"cost","0.01",0.212000722077826
"paclitaxel","regression","svm_linear",2,5,"epsilon","0.2",0.212000722077826
"paclitaxel","regression","rf",3,1,"mtry","35",0.192541322733175
"paclitaxel","regression","rf",3,1,"min.node.size","1",0.192541322733175
"paclitaxel","regression","rf",3,1,"sample.fraction","0.75",0.192541322733175
"paclitaxel","regression","rf",3,1,"max.depth","30",0.192541322733175
"paclitaxel","regression","rf",3,1,"num.trees","500",0.192541322733175
"paclitaxel","regression","ridge",3,1,"alpha","0",0.196922117020867
"paclitaxel","regression","ridge",3,1,"lambda","2.960695934",0.196922117020867
"paclitaxel","regression","ridge",3,1,"lambda_rule","lambda.min",0.196922117020867
"paclitaxel","regression","lasso",3,1,"alpha","1",0.198677396755245
"paclitaxel","regression","lasso",3,1,"lambda","0.02401511752",0.198677396755245
"paclitaxel","regression","lasso",3,1,"lambda_rule","lambda.min",0.198677396755245
"paclitaxel","regression","enet",3,1,"alpha","0.1",0.197212871974503
"paclitaxel","regression","enet",3,1,"lambda","0.1816655571",0.197212871974503
"paclitaxel","regression","enet",3,1,"lambda_rule","lambda.min",0.197212871974503
"paclitaxel","regression","svm_linear",3,1,"cost","0.01",0.212793058565324
"paclitaxel","regression","svm_linear",3,1,"epsilon","0.2",0.212793058565324
"paclitaxel","regression","rf",3,2,"mtry","10",0.194410994994428
"paclitaxel","regression","rf",3,2,"min.node.size","3",0.194410994994428
"paclitaxel","regression","rf",3,2,"sample.fraction","0.75",0.194410994994428
"paclitaxel","regression","rf",3,2,"max.depth","40",0.194410994994428
"paclitaxel","regression","rf",3,2,"num.trees","500",0.194410994994428
"paclitaxel","regression","ridge",3,2,"alpha","0",0.198274634809047
"paclitaxel","regression","ridge",3,2,"lambda","0.7032460119",0.198274634809047
"paclitaxel","regression","ridge",3,2,"lambda_rule","lambda.min",0.198274634809047
"paclitaxel","regression","lasso",3,2,"alpha","1",0.199618666826139
"paclitaxel","regression","lasso",3,2,"lambda","0.0191183634",0.199618666826139
"paclitaxel","regression","lasso",3,2,"lambda_rule","lambda.min",0.199618666826139
"paclitaxel","regression","enet",3,2,"alpha","0.1",0.19776287204759
"paclitaxel","regression","enet",3,2,"lambda","0.1446234079",0.19776287204759
"paclitaxel","regression","enet",3,2,"lambda_rule","lambda.min",0.19776287204759
"paclitaxel","regression","svm_linear",3,2,"cost","0.01",0.208125945195857
"paclitaxel","regression","svm_linear",3,2,"epsilon","0.05",0.208125945195857
"paclitaxel","regression","rf",3,3,"mtry","50",0.193768555693133
"paclitaxel","regression","rf",3,3,"min.node.size","1",0.193768555693133
"paclitaxel","regression","rf",3,3,"sample.fraction","0.75",0.193768555693133
"paclitaxel","regression","rf",3,3,"max.depth","40",0.193768555693133
"paclitaxel","regression","rf",3,3,"num.trees","500",0.193768555693133
"paclitaxel","regression","ridge",3,3,"alpha","0",0.197948596543532
"paclitaxel","regression","ridge",3,3,"lambda","1.552653098",0.197948596543532
"paclitaxel","regression","ridge",3,3,"lambda_rule","lambda.min",0.197948596543532
"paclitaxel","regression","lasso",3,3,"alpha","1",0.196571865021837
"paclitaxel","regression","lasso",3,3,"lambda","0.02909388427",0.196571865021837
"paclitaxel","regression","lasso",3,3,"lambda_rule","lambda.min",0.196571865021837
"paclitaxel","regression","enet",3,3,"alpha","0.1",0.195055335172464
"paclitaxel","regression","enet",3,3,"lambda","0.08286042596",0.195055335172464
"paclitaxel","regression","enet",3,3,"lambda_rule","lambda.min",0.195055335172464
"paclitaxel","regression","svm_linear",3,3,"cost","0.01",0.207282270725248
"paclitaxel","regression","svm_linear",3,3,"epsilon","0.1",0.207282270725248
"paclitaxel","regression","rf",3,4,"mtry","20",0.190122351425074
"paclitaxel","regression","rf",3,4,"min.node.size","1",0.190122351425074
"paclitaxel","regression","rf",3,4,"sample.fraction","0.55",0.190122351425074
"paclitaxel","regression","rf",3,4,"max.depth","20",0.190122351425074
"paclitaxel","regression","rf",3,4,"num.trees","500",0.190122351425074
"paclitaxel","regression","ridge",3,4,"alpha","0",0.191717715661917
"paclitaxel","regression","ridge",3,4,"lambda","0.6396110018",0.191717715661917
"paclitaxel","regression","ridge",3,4,"lambda_rule","lambda.min",0.191717715661917
"paclitaxel","regression","lasso",3,4,"alpha","1",0.191484182371856
"paclitaxel","regression","lasso",3,4,"lambda","0.02408094363",0.191484182371856
"paclitaxel","regression","lasso",3,4,"lambda_rule","lambda.min",0.191484182371856
"paclitaxel","regression","enet",3,4,"alpha","0.2",0.191010742905184
"paclitaxel","regression","enet",3,4,"lambda","0.09541868002",0.191010742905184
"paclitaxel","regression","enet",3,4,"lambda_rule","lambda.min",0.191010742905184
"paclitaxel","regression","svm_linear",3,4,"cost","0.01",0.206163275545923
"paclitaxel","regression","svm_linear",3,4,"epsilon","0.2",0.206163275545923
"paclitaxel","regression","rf",3,5,"mtry","14",0.191602559117788
"paclitaxel","regression","rf",3,5,"min.node.size","5",0.191602559117788
"paclitaxel","regression","rf",3,5,"sample.fraction","0.75",0.191602559117788
"paclitaxel","regression","rf",3,5,"max.depth","40",0.191602559117788
"paclitaxel","regression","rf",3,5,"num.trees","500",0.191602559117788
"paclitaxel","regression","ridge",3,5,"alpha","0",0.193974274243988
"paclitaxel","regression","ridge",3,5,"lambda","0.7774131513",0.193974274243988
"paclitaxel","regression","ridge",3,5,"lambda_rule","lambda.min",0.193974274243988
"paclitaxel","regression","lasso",3,5,"alpha","1",0.191253652883653
"paclitaxel","regression","lasso",3,5,"lambda","0.01838185166",0.191253652883653
"paclitaxel","regression","lasso",3,5,"lambda_rule","lambda.min",0.191253652883653
"paclitaxel","regression","enet",3,5,"alpha","0.2",0.189935836696192
"paclitaxel","regression","enet",3,5,"lambda","0.0663659201",0.189935836696192
"paclitaxel","regression","enet",3,5,"lambda_rule","lambda.min",0.189935836696192
"paclitaxel","regression","svm_linear",3,5,"cost","0.01",0.213489970231733
"paclitaxel","regression","svm_linear",3,5,"epsilon","0.2",0.213489970231733
